chave,_IP,_CPU,_memoria,_disco,_versaoSO,_site
SRV12302,10.2.0.52,CPU :Intel(R) Xeon(R) CPU E5-2620 0 @ 2.00GHz - 1 socket x 2 core x 2 logical proc,4GB,C: 30GB,Microsoft Windows Server 2008 R2 Enterprise ,BV
SRV12386,10.2.0.53,CPU :Intel(R) Xeon(R) CPU E5-2620 0 @ 2.00GHz - 1 socket x 2 core x 2 logical proc,4GB,C: 35GB,Microsoft Windows Server 2008 R2 Enterprise ,BV
SPSERVER078,10.2.0.78,CPU :Intel(R) Pentium(R) III processor - 4 socket x  core x  logical proc,6GB,C: 35GB,Microsoft(R) Windows(R) Server 2003, Enterprise Edition,BV
CITRIXPROD100,10.2.0.100,CPU :Intel(R) Xeon(R) CPU E5-2620 0 @ 2.00GHz - 1 socket x 4 core x 4 logical proc,4GB,C: 50GB,Microsoft Windows Server 2008 R2 Enterprise ,BV
CITRIXPROD101,10.2.0.101,CPU :Intel(R) Xeon(R) CPU E5-2620 0 @ 2.00GHz - 1 socket x 4 core x 4 logical proc,6GB,C: 50GB,Microsoft Windows Server 2008 R2 Enterprise ,BV
CITRIXPROD102,10.2.0.102,CPU :Intel(R) Xeon(R) CPU E5-2620 0 @ 2.00GHz - 2 socket x 4 core x 4 logical proc,8GB,C: 100GB,Microsoft Windows Server 2008 R2 Enterprise ,BV
CITRIXPROD103,10.2.0.103,CPU :Intel(R) Xeon(R) CPU E5-2620 0 @ 2.00GHz - 2 socket x 4 core x 4 logical proc,8GB,C: 100GB,Microsoft Windows Server 2008 R2 Enterprise ,BV
CITRIXPROD104,10.2.0.104,CPU :Intel(R) Xeon(R) CPU E5-2620 0 @ 2.00GHz - 2 socket x 4 core x 4 logical proc,8GB,C: 50GB,Microsoft Windows Server 2008 R2 Enterprise ,BV
CITRIXPROD105,10.2.0.105,CPU :Intel(R) Xeon(R) CPU E5-2620 0 @ 2.00GHz - 2 socket x 4 core x 4 logical proc,12GB,C: 70 GB D: 30 GB E: 20 GB G: 40 GB,Microsoft Windows Server 2008 R2 Enterprise ,BV
CITRIXPROD106,10.2.0.106,CPU :Intel(R) Xeon(R) CPU           E5410  @ 2.33GHz - 1 socket x 4 core x 4 logical proc,6GB,C: 50GB,Microsoft Windows Server 2012 R2 Datacenter,BV
CITRIXPROD108,10.2.0.108,CPU :Intel(R) Xeon(R) CPU E5-2620 0 @ 2.00GHz - 2 socket x 4 core x 4 logical proc,6GB,C: 100GB,Microsoft Windows Server 2008 R2 Enterprise ,BV
CITRIXPROD110,10.2.0.110,CPU :Intel(R) Xeon(R) CPU E5-2620 0 @ 2.00GHz - 1 socket x 4 core x 4 logical proc,6GB,C: 50GB,Microsoft Windows Server 2008 R2 Enterprise ,BV
CITRIXPROD111,10.2.0.111,CPU :Intel(R) Xeon(R) CPU E5-2620 0 @ 2.00GHz - 1 socket x 4 core x 4 logical proc,6GB,C: 50GB,Microsoft Windows Server 2008 R2 Enterprise ,BV
CITRIXPROD112,10.2.0.112,CPU :Intel(R) Xeon(R) CPU E5-2620 0 @ 2.00GHz - 1 socket x 4 core x 4 logical proc,8GB,C: 120GB,Microsoft Windows Server 2008 R2 Enterprise ,BV
CITRIXPRODRM01,10.2.0.113,CPU :Intel(R) Xeon(R) CPU           E5410  @ 2.33GHz - 1 socket x 4 core x 4 logical proc,4GB,C: 60GB,Microsoft Windows 7 Professional ,BV
CITRIXPRODRM02,10.2.0.114,CPU :Intel(R) Xeon(R) CPU           E5410  @ 2.33GHz - 1 socket x 4 core x 4 logical proc,4GB,C: 70GB,Microsoft Windows 7 Professional ,BV
CITRIXPRODRM03,10.2.0.115,CPU :Intel(R) Xeon(R) CPU           E5410  @ 2.33GHz - 1 socket x 4 core x 4 logical proc,4GB,C: 70GB,Microsoft Windows 7 Professional ,BV
CITRIXPRODRM04,10.2.0.116,CPU :Intel(R) Xeon(R) CPU           E5410  @ 2.33GHz - 1 socket x 4 core x 4 logical proc,4GB,C: 60GB,Microsoft Windows 7 Professional ,BV
CITRIXPRODRM05,10.2.0.117,CPU :Intel(R) Xeon(R) CPU           E5410  @ 2.33GHz - 1 socket x 4 core x 4 logical proc,4GB,C: 60GB,Microsoft Windows 7 Professional ,BV
CITRIXPRODRM06,10.2.0.118,CPU :Intel(R) Xeon(R) CPU           E5410  @ 2.33GHz - 1 socket x 4 core x 4 logical proc,4GB,C: 60GB,Microsoft Windows 7 Professional ,BV
CITRIXPRODRM07,10.2.0.119,CPU :Intel(R) Xeon(R) CPU           E5410  @ 2.33GHz - 1 socket x 4 core x 4 logical proc,4GB,C: 70GB,Microsoft Windows 7 Professional ,BV
CITRIXPRODRM08,10.2.0.120,CPU :Intel(R) Xeon(R) CPU           E5410  @ 2.33GHz - 1 socket x 4 core x 4 logical proc,4GB,C: 60GB,Microsoft Windows 7 Professional ,BV
CITRIXPRODRM09,10.2.0.121,CPU :Intel(R) Xeon(R) CPU           E5620  @ 2.40GHz - 1 socket x 4 core x 4 logical proc,4GB,C: 60GB,Microsoft Windows 7 Professional ,BV
CITRIXPRODRM10,10.2.0.122,CPU :Intel(R) Xeon(R) CPU           E5410  @ 2.33GHz - 1 socket x 4 core x 4 logical proc,4GB,C: 60GB,Microsoft Windows 7 Professional ,BV
CITRIXPRODRM11,10.2.0.123,CPU :Intel(R) Xeon(R) CPU           E5410  @ 2.33GHz - 1 socket x 4 core x 4 logical proc,4GB,C: 70GB,Microsoft Windows 7 Professional ,BV
CITRIXPRODRM12,10.2.0.124,CPU :Intel(R) Xeon(R) CPU           E5410  @ 2.33GHz - 1 socket x 4 core x 4 logical proc,4GB,C: 60GB,Microsoft Windows 7 Professional ,BV
CITRIXPRODRM13,10.2.0.125,CPU :Intel(R) Xeon(R) CPU           E5410  @ 2.33GHz - 1 socket x 4 core x 4 logical proc,4GB,C: 70GB,Microsoft Windows 7 Professional ,BV
CITRIXPRODRM14,10.2.0.126,CPU :Intel(R) Xeon(R) CPU           E5620  @ 2.40GHz - 1 socket x 4 core x 4 logical proc,4GB,C: 60GB,Microsoft Windows 7 Professional ,BV
CITRIXPRODRM15,10.2.0.127,CPU :Intel(R) Xeon(R) CPU           E5410  @ 2.33GHz - 1 socket x 4 core x 4 logical proc,4GB,C: 70GB,Microsoft Windows 7 Professional ,BV
CITRIXPRODRM16,10.2.0.128,CPU :Intel(R) Xeon(R) CPU           E5410  @ 2.33GHz - 1 socket x 4 core x 4 logical proc,4GB,C: 60GB,Microsoft Windows 7 Professional ,BV
CITRIXPRODRM17,10.2.0.129,CPU :Intel(R) Xeon(R) CPU           E5410  @ 2.33GHz - 1 socket x 4 core x 4 logical proc,4GB,C: 70GB,Microsoft Windows 7 Professional ,BV
CITRIXPRODRM19,10.2.0.133,CPU :Intel(R) Xeon(R) CPU           E5410  @ 2.33GHz - 1 socket x 4 core x 4 logical proc,4GB,C: 70GB,Microsoft Windows 7 Professional ,BV
CITRIXPRODRM20,10.2.0.134,CPU :Intel(R) Xeon(R) CPU           E5410  @ 2.33GHz - 1 socket x 4 core x 4 logical proc,4GB,C: 70GB,Microsoft Windows 7 Professional ,BV
CITRIXPRODRM21,10.2.0.135,CPU :Intel(R) Xeon(R) CPU           E5410  @ 2.33GHz - 1 socket x 4 core x 4 logical proc,4GB,C: 70GB,Microsoft Windows 7 Professional ,BV
CITRIXPRODRM18,10.2.0.136,CPU :Intel(R) Xeon(R) CPU           E5410  @ 2.33GHz - 1 socket x 2 core x 2 logical proc,4GB,C: 50GB,Microsoft Windows 7 Professional ,BV
CITRIXPRODRM22,10.2.0.137,CPU :Intel(R) Xeon(R) CPU           E5410  @ 2.33GHz - 1 socket x 4 core x 4 logical proc,4GB,C: 70GB,Microsoft Windows 7 Professional ,BV
SRV15784,10.2.0.138,CPU :Intel(R) Xeon(R) CPU           E5410  @ 2.33GHz - 1 socket x 4 core x 4 logical proc,4GB,C: 50 GB D: 20 GB,Microsoft Windows Server 2012 R2 Standard,BV
CITRIXPROD140,10.2.0.140,CPU :Intel(R) Xeon(R) CPU E5-2620 0 @ 2.00GHz - 1 socket x 4 core x 4 logical proc,8GB,C: 80GB,Microsoft Windows Server 2008 R2 Enterprise ,BV
CITRIXPROD100,10.2.0.201,CPU :Intel(R) Xeon(R) CPU E5-2620 0 @ 2.00GHz - 1 socket x 4 core x 4 logical proc,4GB,C: 50GB,Microsoft Windows Server 2008 R2 Enterprise ,BV
CITRIXPROD101,10.2.0.202,CPU :Intel(R) Xeon(R) CPU E5-2620 0 @ 2.00GHz - 1 socket x 4 core x 4 logical proc,6GB,C: 50GB,Microsoft Windows Server 2008 R2 Enterprise ,BV
SPSERVER7,10.2.0.207,CPU :Intel(R) Xeon(R) CPU E5-2620 0 @ 2.00GHz - 4 socket x  core x  logical proc,4GB,C: 15 GB E: 80 GB,Microsoft(R) Windows(R) Server 2003, Enterprise Edition,BV
VCENTERSP,10.2.0.222,CPU :Intel(R) Pentium(R) Dual  CPU  E2140  @ 1.60GHz - 1 socket x 2 core x 2 logical proc,8GB,C: 195 GB D: 270 GB,Microsoft Windows Server 2008 R2 Enterprise ,BV
VCENTERBV2,10.2.0.223,CPU :Intel(R) Xeon(R) CPU           X3430  @ 2.40GHz - 1 socket x 4 core x 4 logical proc,24GB,C: 117 GB E: 162 GB,Microsoft Windows Server 2012 R2 Datacenter,BV
SPSRVWIN232,10.2.0.232,CPU :Intel(R) Xeon(R) CPU           E5410  @ 2.33GHz - 2 socket x 8 core x 8 logical proc,28GB,C: 156 GB D: 123 GB E: 900 GB,Microsoft Windows Server 2012 R2 Datacenter,BV
SPSRVWIN235,10.2.0.235,CPU :Intel(R) Xeon(R) CPU           X5675  @ 3.07GHz - 2 socket x 12 core x 24 logical proc,24GB,C: 439 GB D: 0 GB,Microsoft Windows Server 2012 R2 Standard,BV
BVSERVER7,10.2.1.7,CPU :Intel(R) Xeon(R) CPU E31220 @ 3.10GHz - 1 socket x 4 core x 4 logical proc,16GB,C: 466 GB F: 2794 GB,Microsoft Windows Server 2008 R2 Enterprise ,BV
RJSERVER3,10.2.1.12,CPU :Intel(R) Xeon(R) CPU           E5410  @ 2.33GHz - 1 socket x 4 core x 4 logical proc,32GB,C: 49 GB D: 183 GB,Microsoft Windows Server 2008 R2 Enterprise ,BV
SRV9595,10.2.1.39,CPU :Intel(R) Xeon(R) CPU           E5410  @ 2.33GHz - 2 socket x 2 core x 2 logical proc,2GB,C: 30GB,Microsoft Windows Server 2008 R2 Enterprise ,BV
SPSERVER51,10.2.1.51,CPU :Intel(R) Pentium(R) III processor - 2 socket x  core x  logical proc,4GB,C: 50GB,Microsoft(R) Windows(R) Server 2003, Enterprise Edition,BV
SRV1456,10.2.1.63,CPU :Intel(R) Pentium(R) III processor - 4 socket x  core x  logical proc,8GB,C: 115GB,Microsoft(R) Windows(R) Server 2003 Enterprise x64 Edition,BV
SRV1481,10.2.1.66,CPU :Intel(R) Xeon(R) CPU           E5410  @ 2.33GHz - 2 socket x 4 core x 4 logical proc,6GB,C: 105GB,Microsoft Windows Server 2008 R2 Enterprise ,BV
SRV1482,10.2.1.67,CPU :Intel(R) Xeon(R) CPU           E5620  @ 2.40GHz - 1 socket x 2 core x 2 logical proc,6GB,C: 80GB,Microsoft Windows Server 2008 R2 Enterprise ,BV
SRV1502,10.2.1.68,CPU :Intel(R) Xeon(R) CPU           E5410  @ 2.33GHz - 1 socket x 2 core x 2 logical proc,4GB,C: 45 GB D: 300 GB E: 50 GB,Microsoft Windows Server 2008 R2 Enterprise ,BV
SRV1503,10.2.1.69,CPU :Intel(R) Xeon(R) CPU           E5410  @ 2.33GHz - 1 socket x 2 core x 2 logical proc,6GB,C: 110GB,Microsoft Windows Server 2008 R2 Enterprise ,BV
SRV2489,10.2.1.88,CPU :Intel(R) Xeon(R) CPU           E5410  @ 2.33GHz - 1 socket x 2 core x 2 logical proc,6GB,C: 40 GB D: 40 GB,Microsoft Windows Server 2008 R2 Enterprise ,BV
SPSERVER93,10.2.1.93,CPU :Intel(R) Xeon(R) CPU           E5410  @ 2.33GHz - 4 socket x 4 core x 4 logical proc,4GB,C: 40 GB E: 180 GB,Microsoft Windows Server 2008 R2 Enterprise ,BV
WSUSPROD102BV,10.2.1.102,CPU :Intel(R) Xeon(R) CPU           E5620  @ 2.40GHz - 2 socket x 4 core x 4 logical proc,12GB,C: 60 GB E: 500 GB,Microsoft Windows Server 2008 R2 Enterprise ,BV
SRV2834,10.2.1.103,CPU :Intel(R) Xeon(R) CPU           E5410  @ 2.33GHz - 2 socket x 2 core x 2 logical proc,8GB,C: 100GB,Microsoft Windows Server 2008 R2 Enterprise ,BV
SRV2837,10.2.1.105,CPU :Intel(R) Xeon(R) CPU           E5410  @ 2.33GHz - 2 socket x 2 core x 2 logical proc,4GB,C: 50 GB D: 30 GB   GB,Microsoft Windows Server 2008 R2 Enterprise ,BV
SRV2851,10.2.1.107,CPU :Intel(R) Xeon(R) CPU           E5410  @ 2.33GHz - 2 socket x 2 core x 2 logical proc,4GB,C: 110GB,Microsoft Windows Server 2008 R2 Enterprise ,BV
SRV2852,10.2.1.108,CPU :Intel(R) Xeon(R) CPU           E5410  @ 2.33GHz - 2 socket x 2 core x 2 logical proc,6GB,C: 51GB,Microsoft Windows Server 2008 R2 Enterprise ,BV
SPSERVER109,10.2.1.109,CPU :Intel(R) Xeon(R) CPU E5-2620 0 @ 2.00GHz - 4 socket x 4 core x 4 logical proc,6GB,C: 110GB,Microsoft Windows Server 2008 R2 Enterprise ,BV
SRV2864,10.2.1.114,CPU :Intel(R) Xeon(R) CPU           E5410  @ 2.33GHz - 2 socket x 2 core x 2 logical proc,8GB,C: 80GB,Microsoft Windows Server 2008 R2 Enterprise ,BV
SRV10050,10.2.1.120,CPU :Intel(R) Xeon(R) CPU           E5410  @ 2.33GHz - 1 socket x 2 core x 2 logical proc,4GB,C: 100GB,Microsoft Windows Server 2008 R2 Enterprise ,BV
SRV3226,10.2.1.123,CPU :Intel(R) Pentium(R) III processor - 2 socket x  core x  logical proc,4GB,C: 40GB,Microsoft(R) Windows(R) Server 2003, Enterprise Edition,BV
SPSERVER126,10.2.1.126,CPU :Intel(R) Xeon(R) CPU E5-2620 0 @ 2.00GHz - 2 socket x 4 core x 4 logical proc,8GB,C: 80GB,Microsoft Windows Server 2008 R2 Enterprise ,BV
SPSERVER128,10.2.1.128,CPU :Intel(R) Xeon(R) CPU E5-2620 0 @ 2.00GHz - 4 socket x  core x  logical proc,4GB,C: 108 GB E: 40 GB,Microsoft(R) Windows(R) Server 2003, Enterprise Edition,BV
SRV3246,10.2.1.129,CPU :Intel(R) Xeon(R) CPU           E5410  @ 2.33GHz - 2 socket x 2 core x 2 logical proc,4GB,C: 80GB,Microsoft Windows Server 2008 R2 Enterprise ,BV
SRV9520,10.2.1.134,CPU :Intel(R) Xeon(R) CPU           E5410  @ 2.33GHz - 2 socket x 2 core x 2 logical proc,8GB,C: 80GB,Microsoft Windows Server 2008 R2 Enterprise ,BV
SRV3254,10.2.1.135,CPU :Intel(R) Xeon(R) CPU           E5410  @ 2.33GHz - 2 socket x 2 core x 2 logical proc,8GB,C: 100GB,Microsoft Windows Server 2008 R2 Enterprise ,BV
SRV4996,10.2.1.137,CPU :Intel(R) Xeon(R) CPU           E5410  @ 2.33GHz - 2 socket x 2 core x 2 logical proc,8GB,C: 61 GB D: 100 GB E: 40 GB,Microsoft Windows Server 2008 R2 Standard ,BV
SRV15594,10.2.1.139,CPU :Intel(R) Xeon(R) CPU E5-2620 0 @ 2.00GHz - 1 socket x 2 core x 2 logical proc,8GB,C: 100GB,Microsoft Windows Server 2008 R2 Enterprise ,BV
SPSERVER140,10.2.1.140,CPU :Intel(R) Xeon(R) CPU E5-2620 0 @ 2.00GHz - 2 socket x  core x  logical proc,4GB,C: 20GB,Microsoft(R) Windows(R) Server 2003, Enterprise Edition,BV
SRV4997,10.2.1.141,CPU :Intel(R) Xeon(R) CPU           E5410  @ 2.33GHz - 2 socket x 2 core x 2 logical proc,8GB,C: 120GB,Microsoft Windows Server 2008 R2 Standard ,BV
SRV9580,10.2.1.142,CPU :Intel(R) Xeon(R) CPU E5-2620 0 @ 2.00GHz - 2 socket x 4 core x 4 logical proc,8GB,C: 50 GB D: 200 GB,Microsoft Windows Server 2008 R2 Enterprise ,BV
SRV3233,10.2.1.146,CPU :Intel(R) Xeon(R) CPU           E5410  @ 2.33GHz - 2 socket x 2 core x 2 logical proc,4GB,C: 50GB,Microsoft Windows 7 Professional ,BV
SPSERVER149,10.2.1.149,CPU :Intel(R) Pentium(R) III processor - 2 socket x  core x  logical proc,3GB,C: 51GB,Microsoft(R) Windows(R) Server 2003, Enterprise Edition,BV
SRV15521,10.2.1.157,CPU :Intel(R) Xeon(R) CPU E5-2620 0 @ 2.00GHz - 1 socket x 2 core x 2 logical proc,8GB,C: 60GB,Microsoft Windows Server 2008 R2 Enterprise ,BV
SRV15610,10.2.1.158,CPU :Intel(R) Xeon(R) CPU E5-2620 0 @ 2.00GHz - 1 socket x 2 core x 2 logical proc,6GB,C: 60GB,Microsoft Windows Server 2008 R2 Enterprise ,BV
SRV15481,10.2.1.167,CPU :Intel(R) Xeon(R) CPU E5-2620 0 @ 2.00GHz - 1 socket x 2 core x 2 logical proc,8GB,C: 90GB,Microsoft Windows Server 2008 R2 Enterprise ,BV
SRV12389,10.2.1.175,CPU :Intel(R) Xeon(R) CPU           E5410  @ 2.33GHz - 2 socket x 4 core x 4 logical proc,16GB,C: 120GB,Microsoft Windows Server 2008 R2 Enterprise ,BV
SRV2850,10.2.1.176,CPU :Intel(R) Xeon(R) CPU           E5410  @ 2.33GHz - 2 socket x 8 core x 8 logical proc,8GB,C: 40 GB D: 50 GB,Microsoft Windows Server 2008 R2 Enterprise ,BV
SRV15797,10.2.1.178,CPU :Intel(R) Xeon(R) CPU E5-2620 0 @ 2.00GHz - 1 socket x 2 core x 2 logical proc,4GB,C: 40GB,Microsoft Windows Server 2008 R2 Enterprise ,BV
SRV12719,10.2.1.180,CPU :Intel(R) Xeon(R) CPU E5-2620 0 @ 2.00GHz - 1 socket x 4 core x 4 logical proc,8GB,C: 100 GB D: 100 GB E: 50 GB,Microsoft Windows Server 2008 R2 Enterprise ,BV
SPSERVER183,10.2.1.183,CPU :Intel(R) Xeon(R) CPU E5-2620 0 @ 2.00GHz - 4 socket x 4 core x 4 logical proc,8GB,C: 150GB,Microsoft Windows Server 2008 R2 Enterprise ,BV
SRV14242,10.2.1.188,CPU :Intel(R) Xeon(R) CPU           E5410  @ 2.33GHz - 1 socket x 2 core x 2 logical proc,4GB,C: 80GB,Microsoft Windows Server 2008 R2 Enterprise ,BV
SRV14415,10.2.1.190,CPU :Intel(R) Xeon(R) CPU           E5410  @ 2.33GHz - 1 socket x 2 core x 2 logical proc,8GB,C: 120GB,Microsoft Windows Server 2008 R2 Enterprise ,BV
SRV14430,10.2.1.191,CPU :Intel(R) Xeon(R) CPU           E5410  @ 2.33GHz - 1 socket x 2 core x 2 logical proc,8GB,C: 150GB,Microsoft Windows Server 2008 R2 Enterprise ,BV
SRV14565,10.2.1.195,CPU :Intel(R) Xeon(R) CPU           E5410  @ 2.33GHz - 2 socket x 4 core x 4 logical proc,12GB,C: 75 GB D: 80 GB E: 51 GB,Microsoft Windows Server 2008 R2 Enterprise ,BV
SRV15798,10.2.1.202,CPU :Intel(R) Xeon(R) CPU E5-2620 0 @ 2.00GHz - 1 socket x 2 core x 2 logical proc,4GB,C: 40GB,Microsoft Windows Server 2008 R2 Enterprise ,BV
SRV14617,10.2.1.205,CPU :Intel(R) Xeon(R) CPU           E5410  @ 2.33GHz - 1 socket x 2 core x 2 logical proc,8GB,C: 100GB,Microsoft Windows Server 2012 R2 Standard,BV
ADPROD206BV,10.2.1.206,CPU :Intel(R) Xeon(R) CPU           E5410  @ 2.33GHz - 2 socket x 4 core x 4 logical proc,4GB,C: 40GB,Microsoft Windows Server 2012 R2 Standard,BV
ADPROD208BV,10.2.1.208,CPU :Intel(R) Xeon(R) CPU E5-2620 0 @ 2.00GHz - 2 socket x 2 core x 2 logical proc,4GB,C: 60GB,Microsoft Windows Server 2008 R2 Enterprise ,BV
SRV15428,10.2.1.209,CPU :Intel(R) Xeon(R) CPU           E5620  @ 2.40GHz - 1 socket x 2 core x 2 logical proc,4GB,C: 60GB,Microsoft Windows Server 2008 R2 Enterprise ,BV
SRV15457,10.2.1.210,CPU :Intel(R) Xeon(R) CPU           E5410  @ 2.33GHz - 1 socket x 2 core x 2 logical proc,4GB,C: 50GB,Microsoft Windows Server 2008 R2 Enterprise ,BV
SPSERVER16,10.2.1.216,CPU :Intel(R) Pentium(R) III processor - 2 socket x  core x  logical proc,4GB,C: 105GB,Microsoft(R) Windows(R) Server 2003, Enterprise Edition,BV
SRV15814,10.2.1.219,CPU :Intel(R) Xeon(R) CPU E5-2620 0 @ 2.00GHz - 1 socket x 2 core x 2 logical proc,4GB,C: 80GB,Microsoft Windows Server 2008 R2 Enterprise ,BV
SRV15815,10.2.1.220,CPU :Intel(R) Xeon(R) CPU E5-2620 0 @ 2.00GHz - 1 socket x 2 core x 2 logical proc,4GB,C: 80GB,Microsoft Windows Server 2008 R2 Enterprise ,BV
SPSERVER233,10.2.1.233,CPU :Intel(R) Xeon(R) CPU           E5620  @ 2.40GHz - 1 socket x 4 core x 8 logical proc,4GB,C: 683 GB D: 3971 GB,Microsoft Windows Server 2008 R2 Enterprise ,BV
SPSERVER250,10.2.1.250,CPU :Intel(R) Pentium(R) III processor - 2 socket x  core x  logical proc,2GB,C: 40GB,Microsoft(R) Windows(R) Server 2003, Enterprise Edition,BV
RJSRVDB251,10.2.17.68,CPU :Intel(R) Pentium(R) III processor - 4 socket x  core x  logical proc,4GB,C: 50 GB D: 230 GB,Microsoft(R) Windows(R) Server 2003, Enterprise Edition,BV
XACTPRODAPP71,10.2.17.71,CPU :Intel(R) Xeon(R) CPU           E5410  @ 2.33GHz - 2 socket x 4 core x 4 logical proc,4GB,C: 50GB,Microsoft Windows Server 2008 R2 Enterprise ,BV
RJSERVER83,10.2.17.83,CPU :Intel(R) Xeon(R) CPU           E5410  @ 2.33GHz - 4 socket x 4 core x 4 logical proc,4GB,C: 40GB,Microsoft Windows Server 2008 R2 Enterprise ,BV
RJSERVER89,10.2.17.89,CPU :Intel(R) Pentium(R) III processor - 2 socket x  core x  logical proc,2GB,C: 20GB,Microsoft(R) Windows(R) Server 2003, Enterprise Edition,BV
RJSERVER92,10.2.17.92,CPU :Intel(R) Xeon(R) CPU E5-2620 0 @ 2.00GHz - 6 socket x  core x  logical proc,8GB,C: 15 GB D: 120 GB E: 50 GB,Microsoft(R) Windows(R) Server 2003 Enterprise x64 Edition,BV
RJSERVER98,10.2.17.98,CPU :Intel(R) Xeon(R) CPU E5-2620 0 @ 2.00GHz - 2 socket x 4 core x 4 logical proc,6GB,C: 65GB,Microsoft Windows Server 2008 R2 Enterprise ,BV
RJSERVER103,10.2.17.101,CPU :Intel(R) Xeon(R) CPU           E5410  @ 2.33GHz - 2 socket x 2 core x 2 logical proc,4GB,C: 50 GB D: 20 GB,Microsoft Windows Server 2008 R2 Standard ,BV
RJSERVER103,10.2.17.102,CPU :Intel(R) Xeon(R) CPU           E5410  @ 2.33GHz - 2 socket x 2 core x 2 logical proc,4GB,C: 50 GB D: 20 GB,Microsoft Windows Server 2008 R2 Standard ,BV
RJSERVER103,10.2.17.103,CPU :Intel(R) Xeon(R) CPU           E5410  @ 2.33GHz - 2 socket x 2 core x 2 logical proc,4GB,C: 50 GB D: 20 GB,Microsoft Windows Server 2008 R2 Standard ,BV
RJSERVER136,10.2.17.136,CPU :Processador Intel(R) Pentium(R) III - 4 socket x  core x  logical proc,4GB,C: 15GB,Microsoft(R) Windows(R) Server 2003, Enterprise Edition,BV
RJSERVER141,10.2.17.141,CPU :Intel(R) Pentium(R) III processor - 2 socket x  core x  logical proc,2GB,C: 20GB,Microsoft(R) Windows(R) Server 2003, Enterprise Edition,BV
RJSERVER144,10.2.17.144,CPU :Intel(R) Pentium(R) III processor - 2 socket x  core x  logical proc,3GB,C: 25GB,Microsoft(R) Windows(R) Server 2003, Enterprise Edition,BV
RJSERVER152,10.2.17.152,CPU :Intel(R) Xeon(R) CPU           E5410  @ 2.33GHz - 2 socket x 2 core x 2 logical proc,3GB,C: 65GB,Microsoft Windows Server 2008 R2 Enterprise ,BV
RJSRVSAPD155,10.2.17.155,CPU :Intel(R) Pentium(R) III processor - 4 socket x  core x  logical proc,6GB,C: 25 GB D: 20 GB E: 60 GB F: 258 GB,Microsoft(R) Windows(R) Server 2003 Enterprise x64 Edition,BV
RJSERVER160,10.2.17.160,CPU :Intel(R) Pentium(R) III processor - 4 socket x  core x  logical proc,4GB,C: 30GB,Microsoft(R) Windows(R) Server 2003, Enterprise Edition,BV
RJSERVER161,10.2.17.161,CPU :Intel(R) Xeon(R) CPU E5-2620 0 @ 2.00GHz - 2 socket x 2 core x 2 logical proc,8GB,C: 120GB,Microsoft Windows Server 2008 R2 Enterprise ,BV
RJSERVER162,10.2.17.162,CPU :Intel(R) Xeon(R) CPU E5-2620 0 @ 2.00GHz - 2 socket x  core x  logical proc,3GB,C: 35GB,Microsoft(R) Windows(R) Server 2003, Enterprise Edition,BV
RJSERVER183,10.2.17.183,CPU :Intel(R) Pentium(R) III processor - 2 socket x  core x  logical proc,2GB,C: 30GB,Microsoft(R) Windows(R) Server 2003, Enterprise Edition,BV
RJSERVER184,10.2.17.184,CPU :Intel(R) Xeon(R) CPU           E5410  @ 2.33GHz - 2 socket x 2 core x 2 logical proc,8GB,C: 45 GB D: 30 GB E: 20 GB,Microsoft Windows Server 2008 R2 Enterprise ,BV
RJSRVCONTAX1,10.2.17.187,CPU :Intel(R) Xeon(R) CPU E5-2620 0 @ 2.00GHz - 4 socket x  core x  logical proc,4GB,C: 20 GB D: 140 GB,Microsoft(R) Windows(R) Server 2003, Enterprise Edition,BV
RJSRVSAPQA190,10.2.17.190,CPU :Intel(R) Pentium(R) III processor - 4 socket x  core x  logical proc,6GB,C: 30 GB D: 20 GB I: 250 GB,Microsoft(R) Windows(R) Server 2003 Enterprise x64 Edition,BV
RJSERVER2,10.2.17.202,CPU :Intel(R) Pentium(R) III processor - 4 socket x  core x  logical proc,3GB,C: 30GB,Microsoft(R) Windows(R) Server 2003, Enterprise Edition,BV
RJSERVER3,10.2.17.203,CPU :Intel(R) Xeon(R) CPU           E5410  @ 2.33GHz - 1 socket x 4 core x 4 logical proc,32GB,C: 49 GB D: 183 GB,Microsoft Windows Server 2008 R2 Enterprise ,BV
DT10222,10.2.17.206,CPU :Intel Pentium III processor - 1 socket x  core x  logical proc,2GB,C: 18GB,Microsoft Windows 2000 Server,BV
RJSERVER7,10.2.17.207,CPU :Intel(R) Pentium(R) III processor - 2 socket x  core x  logical proc,3GB,C: 20 GB D: 5 GB,Microsoft(R) Windows(R) Server 2003, Enterprise Edition,BV
SRV369,10.2.17.210,CPU :Intel(R) Xeon(R) CPU           E5410  @ 2.33GHz - 2 socket x 2 core x 2 logical proc,4GB,C: 40GB,Microsoft Windows Server 2008 R2 Enterprise ,BV
RJSERVER18,10.2.17.218,CPU :Intel(R) Pentium(R) III processor - 4 socket x  core x  logical proc,4GB,C: 170 GB D: 50 GB,Microsoft(R) Windows(R) Server 2003 Enterprise x64 Edition,BV
RJSERVER221,10.2.17.221,CPU :Intel(R) Xeon(R) CPU           E5410  @ 2.33GHz - 1 socket x 4 core x 4 logical proc,8GB,C: 80 GB D: 50 GB,Microsoft Windows Server 2008 R2 Enterprise ,BV
RJSERVER25,10.2.17.225,CPU :Intel(R) Pentium(R) III processor - 4 socket x  core x  logical proc,6GB,C: 50GB,Microsoft(R) Windows(R) Server 2003, Enterprise Edition,BV
RJSRVSAPQA226,10.2.17.226,CPU :Intel(R) Pentium(R) III processor - 4 socket x  core x  logical proc,8GB,C: 20 GB D: 20 GB I: 60 GB,Microsoft(R) Windows(R) Server 2003 Enterprise x64 Edition,BV
RJSRVSAPQD227,10.2.17.227,CPU :Intel(R) Pentium(R) III processor - 4 socket x  core x  logical proc,4GB,C: 20 GB D: 20 GB I: 300 GB,Microsoft(R) Windows(R) Server 2003 Enterprise x64 Edition,BV
WSUSPROD102BV,10.2.17.241,CPU :Intel(R) Xeon(R) CPU           E5620  @ 2.40GHz - 2 socket x 4 core x 4 logical proc,12GB,C: 60 GB E: 500 GB,Microsoft Windows Server 2008 R2 Enterprise ,BV
DESKTOP_STORAGE,10.2.65.31,CPU :Intel(R) Pentium(R) III processor - 2 socket x  core x  logical proc,3GB,C: 20GB,Microsoft(R) Windows(R) Server 2003, Enterprise Edition,BV
BVSERVER1,10.2.65.201,CPU :Intel(R) Pentium(R) III processor - 2 socket x  core x  logical proc,2GB,C: 20GB,Microsoft(R) Windows(R) Server 2003, Enterprise Edition,BV
WSUSPROD102BV,10.2.65.203,CPU :Intel(R) Xeon(R) CPU           E5620  @ 2.40GHz - 2 socket x 4 core x 4 logical proc,12GB,C: 60 GB E: 500 GB,Microsoft Windows Server 2008 R2 Enterprise ,BV
BVSERVER7,10.2.65.207,CPU :Intel(R) Xeon(R) CPU E31220 @ 3.10GHz - 1 socket x 4 core x 4 logical proc,16GB,C: 466 GB F: 2794 GB,Microsoft Windows Server 2008 R2 Enterprise ,BV
ADPROD208BV,10.2.65.208,CPU :Intel(R) Xeon(R) CPU E5-2620 0 @ 2.00GHz - 2 socket x 2 core x 2 logical proc,4GB,C: 60GB,Microsoft Windows Server 2008 R2 Enterprise ,BV
BVSERVER12,10.2.65.212,CPU :Intel(R) Xeon(R) CPU E5-2620 0 @ 2.00GHz - 4 socket x 4 core x 4 logical proc,4GB,C: 40GB,Microsoft Windows Server 2008 R2 Enterprise ,BV
SAPPROD1,10.200.1.1,CPU :Intel(R) Xeon(R) CPU E5-2620 0 @ 2.00GHz - 1 socket x 8 core x 8 logical proc,24GB,C: 50 GB D: 30 GB E: 10 GB F: 550 GB G: 40 GB H: 5 GB,Microsoft Windows Server 2008 R2 Enterprise ,BV
RMPRODAPP2,10.200.1.2,CPU :Intel(R) Xeon(R) CPU E5-2620 0 @ 2.00GHz - 2 socket x 4 core x 4 logical proc,8GB,C: 73GB,Microsoft Windows Server 2008 R2 Enterprise ,BV
SIPRODDB3,10.200.1.3,CPU :Intel(R) Xeon(R) CPU E5-2620 0 @ 2.00GHz - 2 socket x 6 core x 6 logical proc,12GB,C: 40 GB D: 100 GB E: 120 GB,Microsoft Windows Server 2008 R2 Enterprise ,BV
SIPRODAPP4,10.200.1.4,CPU :Intel(R) Xeon(R) CPU E5-2620 0 @ 2.00GHz - 4 socket x  core x  logical proc,4GB,C: 49GB,Microsoft(R) Windows(R) Server 2003, Enterprise Edition,BV
RMPRODKEY5,10.200.1.5,CPU :Intel(R) Pentium(R) III processor - 2 socket x  core x  logical proc,4GB,C: 20GB,Microsoft(R) Windows(R) Server 2003, Enterprise Edition,BV
BIPRODDB6,10.200.1.6,CPU :Intel(R) Xeon(R) CPU E5-2620 0 @ 2.00GHz - 4 socket x 8 core x 8 logical proc,20GB,C: 80 GB D: 80 GB E: 51 GB,Microsoft Windows Server 2008 R2 Enterprise ,BV
MOEBIUS,10.200.1.8,CPU :Intel(R) Xeon(R) CPU           E5410  @ 2.33GHz - 8 socket x 8 core x 8 logical proc,10GB,C: 30 GB D: 1198 GB E: 20 GB,Microsoft Windows Server 2008 R2 Enterprise ,BV
SRV1369,10.200.1.10,CPU :Intel(R) Xeon(R) CPU E5-2620 0 @ 2.00GHz - 2 socket x 4 core x 4 logical proc,4GB,C: 50GB,Microsoft Windows Server 2008 R2 Enterprise ,BV
PORTALPRODAPP13,10.200.1.13,CPU :Intel(R) Xeon(R) CPU E5-2620 0 @ 2.00GHz - 4 socket x 4 core x 4 logical proc,4GB,C: 60 GB D: 31 GB,Microsoft Windows Server 2008 R2 Enterprise ,BV
PORTALPRODDB14,10.200.1.14,CPU :Intel(R) Xeon(R) CPU E5-2620 0 @ 2.00GHz - 8 socket x 8 core x 8 logical proc,12GB,C: 55 GB D: 31 GB E: 31 GB,Microsoft Windows Server 2008 R2 Enterprise ,BV
PORTALPRODAPP15,10.200.1.15,CPU :Intel(R) Xeon(R) CPU E5-2620 0 @ 2.00GHz - 4 socket x 4 core x 4 logical proc,4GB,C: 41 GB D: 31 GB,Microsoft Windows Server 2008 R2 Enterprise ,BV
SRV1371,10.200.1.16,CPU :Intel(R) Xeon(R) CPU E5-2620 0 @ 2.00GHz - 2 socket x 4 core x 4 logical proc,4GB,C: 50 GB D: 70 GB,Microsoft Windows Server 2008 R2 Enterprise ,BV
RMPRODJOB21,10.200.1.21,CPU :Intel(R) Xeon(R) CPU E5-2620 0 @ 2.00GHz - 2 socket x 8 core x 8 logical proc,6GB,C: 60GB,Microsoft Windows Server 2008 R2 Enterprise ,BV
SRV1257,10.200.1.22,CPU :Intel(R) Xeon(R) CPU E5-2620 0 @ 2.00GHz - 2 socket x 2 core x 2 logical proc,8GB,C: 40GB,Microsoft Windows Server 2008 R2 Enterprise ,BV
SRV15592,10.200.1.24,CPU :Intel(R) Xeon(R) CPU           E5410  @ 2.33GHz - 1 socket x 4 core x 4 logical proc,8GB,C: 60GB,Microsoft Windows Server 2012 R2 Standard,BV
SPSERVER248,10.200.1.248,CPU :Intel(R) Xeon(R) CPU E5-2620 0 @ 2.00GHz - 4 socket x  core x  logical proc,4GB,C: 35 GB D: 130 GB,Microsoft(R) Windows(R) Server 2003, Enterprise Edition,BV
WDSPROD102PP,10.2.73.102,CPU :Intel(R) Xeon(R) CPU E5-2620 0 @ 2.00GHz - 1 socket x 2 core x 2 logical proc,8GB,C: 100 GB E: 150 GB,Microsoft Windows Server 2008 R2 Enterprise ,PAN
ADPROD201PP,10.2.73.201,CPU :Intel(R) Xeon(R) CPU E5-2620 0 @ 2.00GHz - 2 socket x 4 core x 4 logical proc,4GB,C: 70GB,Microsoft Windows Server 2008 R2 Enterprise ,PAN
PPSERVER3,10.2.73.203,CPU :Intel(R) Xeon(R) CPU E5-2620 0 @ 2.00GHz - 2 socket x 4 core x 4 logical proc,10GB,C: 60 GB D: 150 GB F: 200 GB,Microsoft Windows Server 2008 R2 Enterprise ,PAN
RJSERVER99,10.2.97.99,CPU :Intel(R) Xeon(R) CPU E31220 @ 3.10GHz - 1 socket x 4 core x 4 logical proc,16GB,C: 466 GB D: 2795 GB,Microsoft Windows Server 2008 R2 Enterprise ,TEO
ADPROD201TEO,10.2.97.201,CPU :AMD Opteron(tm) Processor 4180 - 2 socket x 4 core x 4 logical proc,4GB,C: 50GB,Microsoft Windows Server 2012 R2 Standard,TEO
ADPROD202TEO,10.2.97.202,CPU :AMD Opteron(tm) Processor 4180 - 1 socket x 2 core x 2 logical proc,3GB,C: 40GB,Microsoft Windows Server 2008 R2 Enterprise ,TEO
SRV1444,10.2.97.207,CPU :Intel(R) Core(TM)2 Duo CPU     E7500  @ 2.93GHz - 1 socket x 2 core x 2 logical proc,3GB,C: 298GB,Microsoft Windows 7 Professional ,TEO
ADPROD201DF,10.2.25.201,CPU :Intel(R) Xeon(R) CPU E5-2620 0 @ 2.00GHz - 2 socket x 4 core x 4 logical proc,4GB,C: 50GB,Microsoft Windows Server 2008 R2 Enterprise ,BSB
DFSERVER3,10.22.25.203,CPU :Intel(R) Xeon(R) CPU E5-2620 0 @ 2.00GHz - 2 socket x 2 core x 2 logical proc,4GB,C: 40GB,Microsoft Windows Server 2008 R2 Enterprise ,BSB
DFSERVER4,10.22.25.204,CPU :Intel(R) Xeon(R) CPU E5-2620 0 @ 2.00GHz - 2 socket x 2 core x 2 logical proc,4GB,C: 35GB,Microsoft Windows Server 2008 R2 Enterprise ,BSB
DFSRVCEF206,10.22.25.206,CPU :Intel(R) Xeon(R) CPU E5-2620 0 @ 2.00GHz - 2 socket x 2 core x 2 logical proc,2GB,C: 40GB,Microsoft® Windows Server® 2008 Enterprise ,BSB
DFSERVER207,10.22.25.207,CPU :Intel(R) Xeon(R) CPU E5-2620 0 @ 2.00GHz - 2 socket x 2 core x 2 logical proc,4GB,C: 2048GB,Microsoft Windows Server 2008 R2 Enterprise ,BSB
DFSERVER208,10.22.25.208,CPU :Intel(R) Xeon(R) CPU E5-2620 0 @ 2.00GHz - 2 socket x 2 core x 2 logical proc,4GB,C: 40GB,Microsoft Windows Server 2008 R2 Enterprise ,BSB
DFSRVCEF225,10.22.25.225,CPU :       Intel(R) Xeon(R) CPU E5-2620 0 @ 2.00GHz - 2 socket x 4 core x 4 logical proc,4GB,C: 30GB,Microsoft Windows XP Professional,BSB
DFSERVER228,10.22.25.228,CPU :Intel(R) Xeon(R) CPU E31220 @ 3.10GHz - 1 socket x 4 core x 4 logical proc,8GB,C: 466 GB E: 2794 GB,Microsoft Windows Server 2008 R2 Enterprise ,BSB
SRV3228,10.22.25.245,CPU :Intel(R) Xeon(R) CPU E5-2620 0 @ 2.00GHz - 1 socket x 2 core x 2 logical proc,4GB,C: 30GB,Microsoft Windows Server 2008 R2 Enterprise ,BSB
ADPROD201REC,10.2.89.201,CPU :Intel(R) Xeon(R) CPU E5-2620 0 @ 2.00GHz - 1 socket x 2 core x 2 logical proc,2GB,C: 40GB,Microsoft Windows Server 2008 R2 Enterprise ,REC
RECSERVER3,10.2.89.203,CPU :Intel(R) Xeon(R) CPU E5-2620 0 @ 2.00GHz - 1 socket x 2 core x 2 logical proc,6GB,C: 110 GB E: 100 GB,Microsoft Windows Server 2008 R2 Enterprise ,REC
RECSERVER4,10.2.89.204,CPU :Intel(R) Xeon(R) CPU E5-2620 0 @ 2.00GHz - 1 socket x 1 core x 1 logical proc,2GB,C: 50GB,Microsoft Windows Server 2008 R2 Enterprise ,REC
RECSERVER6,10.2.89.206,CPU :Intel(R) Xeon(R) CPU E5-2620 0 @ 2.00GHz - 1 socket x 1 core x 1 logical proc,4GB,C: 40GB,Microsoft Windows Server 2008 R2 Enterprise ,REC
WSUSPROD207REC,10.2.89.207,CPU :Intel(R) Core(TM) i3-2120 CPU @ 3.30GHz - 1 socket x 2 core x 4 logical proc,8GB,C: 98 GB D: 368 GB,Microsoft Windows Server 2008 R2 Enterprise ,REC
RECSERVER8,10.2.89.208,CPU :Intel(R) Xeon(R) CPU E3-1220 V2 @ 3.10GHz - 1 socket x 4 core x 4 logical proc,12GB,C: 466 GB E: 1863 GB,Microsoft Windows Server 2008 R2 Enterprise ,REC
VMSANEPAR01,10.2.8.111,CPU :Intel(R) Xeon(R) CPU E5-2620 0 @ 2.00GHz - 1 socket x 1 core x 1 logical proc,3GB,C: 30GB,Microsoft Windows 7 Professional ,MAL
VMSANEPAR02,10.2.8.112,CPU :Intel(R) Xeon(R) CPU E5-2620 0 @ 2.00GHz - 1 socket x 1 core x 1 logical proc,4GB,C: 40GB,Microsoft Windows 7 Professional ,MAL
VMSANEPAR03,10.2.8.113,CPU :Intel(R) Xeon(R) CPU E5-2620 0 @ 2.00GHz - 1 socket x 1 core x 1 logical proc,4GB,C: 40GB,Microsoft Windows 7 Professional ,MAL
VMSANEPAR04,10.2.8.114,CPU :Intel(R) Xeon(R) CPU E5-2620 0 @ 2.00GHz - 1 socket x 1 core x 1 logical proc,4GB,C: 40GB,Microsoft Windows 7 Professional ,MAL
VMBOTICARIO01,10.2.8.116,CPU :Intel(R) Xeon(R) CPU E5-2620 0 @ 2.00GHz - 1 socket x 1 core x 1 logical proc,3GB,C: 40GB,Microsoft Windows 7 Professional ,MAL
VMBOTICARIO02,10.2.8.117,CPU :Intel(R) Xeon(R) CPU E5-2620 0 @ 2.00GHz - 1 socket x 1 core x 1 logical proc,3GB,C: 40GB,Microsoft Windows 7 Professional ,MAL
VMGVT01,10.2.8.118,CPU :Intel(R) Xeon(R) CPU E5-2620 0 @ 2.00GHz - 2 socket x 4 core x 4 logical proc,16GB,C: 30GB,Microsoft Windows 7 Professional ,MAL
SRV15626,10.2.8.119,CPU :Intel(R) Xeon(R) CPU E5-2620 0 @ 2.00GHz - 1 socket x 1 core x 1 logical proc,8GB,C: 30GB,Microsoft Windows 7 Professional ,MAL
SRV15627,10.2.8.120,CPU :Intel(R) Xeon(R) CPU E5-2620 0 @ 2.00GHz - 2 socket x 4 core x 4 logical proc,8GB,C: 30GB,Microsoft Windows 7 Professional ,MAL
SRV15629,10.2.8.121,CPU :Intel(R) Xeon(R) CPU E5-2620 0 @ 2.00GHz - 2 socket x 2 core x 2 logical proc,8GB,C: 30GB,Microsoft Windows 7 Professional ,MAL
SRV15630,10.2.8.122,CPU :Intel(R) Xeon(R) CPU E5-2620 0 @ 2.00GHz - 2 socket x 2 core x 2 logical proc,4GB,C: 30GB,Microsoft Windows Server 2008 R2 Enterprise ,MAL
SRV15634,10.2.8.123,CPU :Intel(R) Xeon(R) CPU           E5410  @ 2.33GHz - 2 socket x 2 core x 2 logical proc,8GB,C: 40GB,Microsoft Windows Server 2008 R2 Enterprise ,MAL
SRV15635,10.2.8.124,CPU :Intel(R) Xeon(R) CPU E5-2620 0 @ 2.00GHz - 2 socket x 2 core x 2 logical proc,8GB,C: 40GB,Microsoft Windows Server 2008 R2 Enterprise ,MAL
SRV15764,10.2.8.125,CPU :Intel(R) Xeon(R) CPU E5-2620 0 @ 2.00GHz - 2 socket x 2 core x 2 logical proc,8GB,C: 30GB,Microsoft Windows 7 Professional ,MAL
ADPROD199MAL,10.2.8.199,CPU :Intel(R) Xeon(R) CPU           E5410  @ 2.33GHz - 2 socket x 4 core x 4 logical proc,4GB,C: 50GB,Microsoft Windows Server 2012 R2 Standard,MAL
ADPROD202MAL,10.2.8.202,CPU :Intel(R) Xeon(R) CPU           E5410  @ 2.33GHz - 2 socket x 4 core x 4 logical proc,4GB,C: 50GB,Microsoft Windows Server 2012 R2 Standard,MAL
MALSERVER4,10.2.8.204,CPU :Intel(R) Xeon(R) CPU E5-2620 0 @ 2.00GHz - 2 socket x 2 core x 2 logical proc,4GB,C: 40 GB E: 171 GB,Microsoft Windows Server 2008 R2 Enterprise ,MAL
MALSERVER5,10.2.8.205,CPU :Intel(R) Pentium(R) III processor - 2 socket x  core x  logical proc,3GB,C: 25 GB E: 100 GB,Microsoft(R) Windows(R) Server 2003, Enterprise Edition,MAL
SRV1504,10.2.8.206,CPU :Intel(R) Xeon(R) CPU E5-2620 0 @ 2.00GHz - 4 socket x  core x  logical proc,4GB,C: 35GB,Microsoft(R) Windows(R) Server 2003, Enterprise Edition,MAL
MALSERVER8,10.2.8.208,CPU :Intel(R) Xeon(R) CPU           X3330  @ 2.66GHz - 1 socket x 4 core x 4 logical proc,8GB,C: 59 GB D: 1863 GB E: 407 GB,Microsoft Windows Server 2012 R2 Standard,MAL
MALSERVER9,10.2.8.209,CPU :Intel(R) Xeon(R) CPU           X3330  @ 2.66GHz - 1 socket x 4 core x 4 logical proc,8GB,C: 203 GB D: 1660 GB E: 466 GB,Microsoft Windows Server 2008 R2 Enterprise ,MAL
ADPROD210MAL,10.2.8.210,CPU :Intel(R) Xeon(R) CPU           E5410  @ 2.33GHz - 2 socket x 4 core x 4 logical proc,4GB,C: 40GB,Microsoft Windows Server 2012 R2 Standard,MAL
MALSERVER11,10.2.8.211,CPU :Intel(R) Pentium(R) D CPU 2.80GHz - 2 socket x  core x  logical proc,1GB,C: 75GB,Microsoft(R) Windows(R) Server 2003, Enterprise Edition,MAL
SRV12723,10.2.8.216,CPU :Intel(R) Xeon(R) CPU           E5410  @ 2.33GHz - 2 socket x 2 core x 2 logical proc,3GB,C: 50GB,Microsoft Windows Server 2012 R2 Standard,MAL
SRV1042,10.2.8.220,CPU :Intel(R) Xeon(R) CPU E3-1220 V2 @ 3.10GHz - 1 socket x 4 core x 4 logical proc,16GB,C: 465 GB D: 1862 GB,Microsoft Windows Server 2008 R2 Enterprise ,MAL
SRV1505,10.2.8.224,CPU :Intel(R) Core(TM) i3-3220 CPU @ 3.30GHz - 1 socket x 2 core x 4 logical proc,6GB,C: 464GB,Microsoft Windows Server 2008 R2 Enterprise ,MAL
SRV15792,10.2.8.237,CPU :Intel(R) Xeon(R) CPU E5-2620 0 @ 2.00GHz - 2 socket x 2 core x 2 logical proc,4GB,C: 30GB,Microsoft Windows Server 2008 R2 Enterprise ,MAL
SRV3930,10.2.8.243,CPU :Intel(R) Xeon(R) CPU E5-2620 0 @ 2.00GHz - 2 socket x 2 core x 2 logical proc,4GB,C: 30GB,Microsoft Windows Server 2008 R2 Enterprise ,MAL
MALSERVER44,10.2.8.244,CPU :Intel(R) Xeon(R) CPU E5-2620 0 @ 2.00GHz - 2 socket x  core x  logical proc,4GB,C: 15 GB E: 80 GB,Microsoft(R) Windows(R) Server 2003, Enterprise Edition,MAL
MALSERVER47,10.2.8.247,CPU :Intel(R) Core(TM) i7-2600 CPU @ 3.40GHz - 1 socket x 4 core x 8 logical proc,8GB,C: 931GB,Microsoft Windows Server 2008 R2 Enterprise ,MAL
MALCEFSRV01,10.22.9.201,CPU :Intel(R) Xeon(R) CPU E5-2620 0 @ 2.00GHz - 2 socket x 2 core x 2 logical proc,4GB,C: 30 GB E: 100 GB,Microsoft Windows Server 2008 R2 Enterprise ,MAL
MALCEFSRV03,10.22.9.203,CPU :Intel(R) Xeon(R) CPU E5-2620 0 @ 2.00GHz - 2 socket x 2 core x 2 logical proc,4GB,C: 130 GB E: 100 GB,Microsoft Windows Server 2008 R2 Enterprise ,MAL
