10.2.1.126;"Microsoft Project Professional 2010";"";"";"14.0.7015.1000";"Microsoft Corporation"
10.2.1.126;"Microsoft Office Project Professional 2010";"20150521";"14.0";"14.0.7015.1000";"Microsoft Corporation"
10.2.1.126;"Microsoft Office Project MUI (Portuguese (Brazil)) 2010";"20150521";"14.0";"14.0.7015.1000";"Microsoft Corporation"
10.2.10.209;"Microsoft Project Professional 2010";"";"";"14.0.7015.1000";"Microsoft Corporation"
10.2.10.209;"Microsoft Office Project Professional 2010";"20150521";"14.0";"14.0.7015.1000";"Microsoft Corporation"
10.2.10.209;"Microsoft Office Project MUI (Portuguese (Brazil)) 2010";"20150521";"14.0";"14.0.7015.1000";"Microsoft Corporation"
10.2.10.22;"Microsoft Project Professional 2010";"";"";"14.0.7015.1000";"Microsoft Corporation"
10.2.10.22;"Microsoft Office Project Professional 2010";"20150521";"14.0";"14.0.7015.1000";"Microsoft Corporation"
10.2.10.22;"Microsoft Office Project MUI (Portuguese (Brazil)) 2010";"20150521";"14.0";"14.0.7015.1000";"Microsoft Corporation"
10.2.10.49;"Microsoft Project Standard 2010";"";"";"14.0.6029.1000";"Microsoft Corporation"
10.2.10.49;"Microsoft Office Project Standard 2010";"20150723";"14.0";"14.0.6029.1000";"Microsoft Corporation"
10.2.10.49;"Microsoft Project 2010 Service Pack 1 (SP1)";"";"";"";"Microsoft"
10.2.10.49;"Microsoft Office Project MUI (Portuguese (Brazil)) 2010";"20150131";"14.0";"14.0.6029.1000";"Microsoft Corporation"
10.2.10.49;"Microsoft Project 2010 Service Pack 1 (SP1)";"";"";"";"Microsoft"
10.2.10.9;"Microsoft Project Professional 2010";"";"";"14.0.6029.1000";"Microsoft Corporation"
10.2.10.9;"Microsoft Office Project Professional 2010";"20150504";"14.0";"14.0.6029.1000";"Microsoft Corporation"
10.2.10.9;"Microsoft Project 2010 Service Pack 1 (SP1)";"";"";"";"Microsoft"
10.2.10.9;"Microsoft Office Project MUI (Portuguese (Brazil)) 2010";"20150206";"14.0";"14.0.6029.1000";"Microsoft Corporation"
10.2.10.9;"Microsoft Project 2010 Service Pack 1 (SP1)";"";"";"";"Microsoft"
10.2.100.115;"Microsoft Office Project Professional 2007";"";"";"12.0.6612.1000";"Microsoft Corporation"
10.2.100.115;"Microsoft Office Project Professional 2007";"20150821";"12.0";"12.0.6612.1000";"Microsoft Corporation"
10.2.100.115;"Microsoft Office Project 2007 Service Pack 3 (SP3)";"";"";"";"Microsoft"
10.2.100.115;"Microsoft Office Project MUI (Portuguese (Brazil)) 2007";"20150202";"12.0";"12.0.6612.1000";"Microsoft Corporation"
10.2.100.115;"Microsoft Office Project 2007 Service Pack 3 (SP3)";"";"";"";"Microsoft"
10.2.100.115;"Microsoft Office Project Professional 2007";"";"";"12.0.6612.1000";"Microsoft Corporation"
10.2.100.115;"Microsoft Office Project Professional 2007";"20150821";"12.0";"12.0.6612.1000";"Microsoft Corporation"
10.2.100.115;"Microsoft Office Project 2007 Service Pack 3 (SP3)";"";"";"";"Microsoft"
10.2.100.115;"Microsoft Office Project MUI (Portuguese (Brazil)) 2007";"20150202";"12.0";"12.0.6612.1000";"Microsoft Corporation"
10.2.100.115;"Microsoft Office Project 2007 Service Pack 3 (SP3)";"";"";"";"Microsoft"
10.2.100.127;"Microsoft Project Professional 2010";"";"";"14.0.7015.1000";"Microsoft Corporation"
10.2.100.127;"Microsoft Office Project Professional 2010";"20150814";"14.0";"14.0.7015.1000";"Microsoft Corporation"
10.2.100.127;"Microsoft Office Project MUI (Portuguese (Brazil)) 2010";"20150723";"14.0";"14.0.7015.1000";"Microsoft Corporation"
10.2.100.133;"Microsoft Project Professional 2010";"";"";"14.0.4763.1000";"Microsoft Corporation"
10.2.100.133;"Microsoft Office Project Professional 2010";"20150813";"14.0";"14.0.4763.1000";"Microsoft Corporation"
10.2.100.133;"Microsoft Office Project MUI (Portuguese (Brazil)) 2010";"20150805";"14.0";"14.0.4763.1000";"Microsoft Corporation"
10.2.100.143;"Microsoft Project Professional 2010";"";"";"14.0.4763.1000";"Microsoft Corporation"
10.2.100.143;"Microsoft Office Project Professional 2010";"20150813";"14.0";"14.0.4763.1000";"Microsoft Corporation"
10.2.100.143;"Microsoft Office Project MUI (Portuguese (Brazil)) 2010";"20150723";"14.0";"14.0.4763.1000";"Microsoft Corporation"
10.2.100.155;"Microsoft Project Professional 2010";"";"";"14.0.4763.1000";"Microsoft Corporation"
10.2.100.155;"Microsoft Office Project Professional 2010";"20150817";"14.0";"14.0.4763.1000";"Microsoft Corporation"
10.2.100.155;"Microsoft Office Project MUI (Portuguese (Brazil)) 2010";"20150731";"14.0";"14.0.4763.1000";"Microsoft Corporation"
10.2.100.156;"Microsoft Project Professional 2010";"";"";"14.0.7015.1000";"Microsoft Corporation"
10.2.100.156;"Microsoft Office Project Professional 2010";"20150813";"14.0";"14.0.7015.1000";"Microsoft Corporation"
10.2.100.156;"Microsoft Office Project MUI (Portuguese (Brazil)) 2010";"20150723";"14.0";"14.0.7015.1000";"Microsoft Corporation"
10.2.100.18;"Microsoft Project Standard 2010";"";"";"14.0.7015.1000";"Microsoft Corporation"
10.2.100.18;"Microsoft Office Project Standard 2010";"20150818";"14.0";"14.0.7015.1000";"Microsoft Corporation"
10.2.100.18;"Microsoft Office Project MUI (Portuguese (Brazil)) 2010";"20150723";"14.0";"14.0.7015.1000";"Microsoft Corporation"
10.2.100.191;"Microsoft Project Professional 2010";"";"";"14.0.4763.1000";"Microsoft Corporation"
10.2.100.191;"Microsoft Office Project Professional 2010";"20150821";"14.0";"14.0.4763.1000";"Microsoft Corporation"
10.2.100.191;"Microsoft Office Project MUI (Portuguese (Brazil)) 2010";"20150821";"14.0";"14.0.4763.1000";"Microsoft Corporation"
10.2.100.209;"Microsoft Office Project Professional 2007";"";"";"12.0.6612.1000";"Microsoft Corporation"
10.2.100.209;"Microsoft Office Project Professional 2007";"20150727";"12.0";"12.0.6612.1000";"Microsoft Corporation"
10.2.100.209;"Microsoft Office Project 2007 Service Pack 3 (SP3)";"";"";"";"Microsoft"
10.2.100.209;"Microsoft Office Project MUI (Portuguese (Brazil)) 2007";"20150202";"12.0";"12.0.6612.1000";"Microsoft Corporation"
10.2.100.209;"Microsoft Office Project 2007 Service Pack 3 (SP3)";"";"";"";"Microsoft"
10.2.100.209;"Microsoft Office Project Professional 2007";"";"";"12.0.6612.1000";"Microsoft Corporation"
10.2.100.209;"Microsoft Office Project Professional 2007";"20150727";"12.0";"12.0.6612.1000";"Microsoft Corporation"
10.2.100.209;"Microsoft Office Project 2007 Service Pack 3 (SP3)";"";"";"";"Microsoft"
10.2.100.209;"Microsoft Office Project MUI (Portuguese (Brazil)) 2007";"20150202";"12.0";"12.0.6612.1000";"Microsoft Corporation"
10.2.100.209;"Microsoft Office Project 2007 Service Pack 3 (SP3)";"";"";"";"Microsoft"
10.2.100.222;"Microsoft Project Professional 2010";"";"";"14.0.4763.1000";"Microsoft Corporation"
10.2.100.222;"Microsoft Office Project Professional 2010";"20150813";"14.0";"14.0.4763.1000";"Microsoft Corporation"
10.2.100.222;"Microsoft Office Project MUI (Portuguese (Brazil)) 2010";"20150805";"14.0";"14.0.4763.1000";"Microsoft Corporation"
10.2.100.74;"Microsoft Project Professional 2010";"";"";"14.0.6029.1000";"Microsoft Corporation"
10.2.100.74;"Microsoft Office Project Professional 2010";"20150504";"14.0";"14.0.6029.1000";"Microsoft Corporation"
10.2.100.74;"Microsoft Project 2010 Service Pack 1 (SP1)";"";"";"";"Microsoft"
10.2.100.74;"Microsoft Office Project MUI (Portuguese (Brazil)) 2010";"20150206";"14.0";"14.0.6029.1000";"Microsoft Corporation"
10.2.100.74;"Microsoft Project 2010 Service Pack 1 (SP1)";"";"";"";"Microsoft"
10.2.100.86;"Microsoft Project Professional 2010";"";"";"14.0.7015.1000";"Microsoft Corporation"
10.2.100.86;"Microsoft Office Project Professional 2010";"20150813";"14.0";"14.0.7015.1000";"Microsoft Corporation"
10.2.100.86;"Microsoft Office Project MUI (Portuguese (Brazil)) 2010";"20150716";"14.0";"14.0.7015.1000";"Microsoft Corporation"
10.2.101.134;"Microsoft Project Professional 2010";"";"";"14.0.7015.1000";"Microsoft Corporation"
10.2.101.134;"Microsoft Office Project Professional 2010";"20150610";"14.0";"14.0.7015.1000";"Microsoft Corporation"
10.2.101.134;"Microsoft Office Project MUI (Portuguese (Brazil)) 2010";"20150610";"14.0";"14.0.7015.1000";"Microsoft Corporation"
10.2.101.169;"Microsoft Project Professional 2010";"";"";"14.0.7015.1000";"Microsoft Corporation"
10.2.101.169;"Microsoft Office Project Professional 2010";"20150817";"14.0";"14.0.7015.1000";"Microsoft Corporation"
10.2.101.169;"Microsoft Office Project MUI (Portuguese (Brazil)) 2010";"20150723";"14.0";"14.0.7015.1000";"Microsoft Corporation"
10.2.101.170;"Microsoft Project Professional 2010";"";"";"14.0.7015.1000";"Microsoft Corporation"
10.2.101.170;"Microsoft Office Project Professional 2010";"20150716";"14.0";"14.0.7015.1000";"Microsoft Corporation"
10.2.101.170;"Microsoft Office Project MUI (Portuguese (Brazil)) 2010";"20150716";"14.0";"14.0.7015.1000";"Microsoft Corporation"
10.2.101.174;"Microsoft Project Professional 2010";"";"";"14.0.4763.1000";"Microsoft Corporation"
10.2.101.174;"Microsoft Office Project Professional 2010";"20150725";"14.0";"14.0.4763.1000";"Microsoft Corporation"
10.2.101.174;"Microsoft Office Project MUI (Portuguese (Brazil)) 2010";"20150725";"14.0";"14.0.4763.1000";"Microsoft Corporation"
10.2.101.195;"Microsoft Office Project Professional 2007";"";"";"12.0.6612.1000";"Microsoft Corporation"
10.2.101.195;"Microsoft Office Project Professional 2007";"20150819";"12.0";"12.0.6612.1000";"Microsoft Corporation"
10.2.101.195;"Microsoft Office Project 2007 Service Pack 3 (SP3)";"";"";"";"Microsoft"
10.2.101.195;"Microsoft Office Project MUI (Portuguese (Brazil)) 2007";"20150311";"12.0";"12.0.6612.1000";"Microsoft Corporation"
10.2.101.195;"Microsoft Office Project 2007 Service Pack 3 (SP3)";"";"";"";"Microsoft"
10.2.101.19;"Microsoft Project Professional 2010";"";"";"14.0.7015.1000";"Microsoft Corporation"
10.2.101.19;"Microsoft Office Project Professional 2010";"20150813";"14.0";"14.0.7015.1000";"Microsoft Corporation"
10.2.101.19;"Microsoft Office Project MUI (Portuguese (Brazil)) 2010";"20150721";"14.0";"14.0.7015.1000";"Microsoft Corporation"
10.2.101.201;"Microsoft Project Professional 2010";"";"";"14.0.7015.1000";"Microsoft Corporation"
10.2.101.201;"Microsoft Office Project Professional 2010";"20150813";"14.0";"14.0.7015.1000";"Microsoft Corporation"
10.2.101.201;"Microsoft Office Project MUI (Portuguese (Brazil)) 2010";"20150721";"14.0";"14.0.7015.1000";"Microsoft Corporation"
10.2.101.22;"Microsoft Project Professional 2010";"";"";"14.0.7015.1000";"Microsoft Corporation"
10.2.101.22;"Microsoft Office Project Professional 2010";"20150723";"14.0";"14.0.7015.1000";"Microsoft Corporation"
10.2.101.22;"Microsoft Office Project MUI (Portuguese (Brazil)) 2010";"20150723";"14.0";"14.0.7015.1000";"Microsoft Corporation"
10.2.101.241;"Microsoft Project Professional 2010";"";"";"14.0.7015.1000";"Microsoft Corporation"
10.2.101.241;"Microsoft Office Project Professional 2010";"20150723";"14.0";"14.0.7015.1000";"Microsoft Corporation"
10.2.101.241;"Microsoft Office Project MUI (Portuguese (Brazil)) 2010";"20150723";"14.0";"14.0.7015.1000";"Microsoft Corporation"
10.2.101.244;"Microsoft Project Professional 2010";"";"";"14.0.7015.1000";"Microsoft Corporation"
10.2.101.244;"Microsoft Office Project Professional 2010";"20150612";"14.0";"14.0.7015.1000";"Microsoft Corporation"
10.2.101.244;"Microsoft Office Project MUI (Portuguese (Brazil)) 2010";"20150516";"14.0";"14.0.7015.1000";"Microsoft Corporation"
10.2.101.62;"Microsoft Project Professional 2010";"";"";"14.0.7015.1000";"Microsoft Corporation"
10.2.101.62;"Microsoft Office Project Professional 2010";"20150814";"14.0";"14.0.7015.1000";"Microsoft Corporation"
10.2.101.62;"Microsoft Office Project MUI (Portuguese (Brazil)) 2010";"20150730";"14.0";"14.0.7015.1000";"Microsoft Corporation"
10.2.101.64;"Microsoft Project Standard 2010";"";"";"14.0.7015.1000";"Microsoft Corporation"
10.2.101.64;"Microsoft Office Project Standard 2010";"20150723";"14.0";"14.0.7015.1000";"Microsoft Corporation"
10.2.101.64;"Microsoft Office Project MUI (Portuguese (Brazil)) 2010";"20150723";"14.0";"14.0.7015.1000";"Microsoft Corporation"
10.2.101.64;"Microsoft Project Standard 2010";"";"";"14.0.7015.1000";"Microsoft Corporation"
10.2.101.64;"Microsoft Office Project Standard 2010";"20150723";"14.0";"14.0.7015.1000";"Microsoft Corporation"
10.2.101.64;"Microsoft Office Project MUI (Portuguese (Brazil)) 2010";"20150723";"14.0";"14.0.7015.1000";"Microsoft Corporation"
10.2.102.100;"Microsoft Project Standard 2010";"";"";"14.0.7015.1000";"Microsoft Corporation"
10.2.102.100;"Microsoft Office Project Standard 2010";"20150716";"14.0";"14.0.7015.1000";"Microsoft Corporation"
10.2.102.100;"Microsoft Office Project MUI (Portuguese (Brazil)) 2010";"20150716";"14.0";"14.0.7015.1000";"Microsoft Corporation"
10.2.102.100;"Microsoft Project Standard 2010";"";"";"14.0.7015.1000";"Microsoft Corporation"
10.2.102.100;"Microsoft Office Project Standard 2010";"20150716";"14.0";"14.0.7015.1000";"Microsoft Corporation"
10.2.102.100;"Microsoft Office Project MUI (Portuguese (Brazil)) 2010";"20150716";"14.0";"14.0.7015.1000";"Microsoft Corporation"
10.2.102.102;"Microsoft Project Standard 2010";"";"";"14.0.7015.1000";"Microsoft Corporation"
10.2.102.102;"Microsoft Office Project Standard 2010";"20150716";"14.0";"14.0.7015.1000";"Microsoft Corporation"
10.2.102.102;"Microsoft Office Project MUI (Portuguese (Brazil)) 2010";"20150716";"14.0";"14.0.7015.1000";"Microsoft Corporation"
10.2.102.102;"Microsoft Project Standard 2010";"";"";"14.0.7015.1000";"Microsoft Corporation"
10.2.102.102;"Microsoft Office Project Standard 2010";"20150716";"14.0";"14.0.7015.1000";"Microsoft Corporation"
10.2.102.102;"Microsoft Office Project MUI (Portuguese (Brazil)) 2010";"20150716";"14.0";"14.0.7015.1000";"Microsoft Corporation"
10.2.102.110;"Microsoft Project Professional 2010";"";"";"14.0.4763.1000";"Microsoft Corporation"
10.2.102.110;"Microsoft Office Project Professional 2010";"20150821";"14.0";"14.0.4763.1000";"Microsoft Corporation"
10.2.102.110;"Microsoft Office Project MUI (Portuguese (Brazil)) 2010";"20150717";"14.0";"14.0.4763.1000";"Microsoft Corporation"
10.2.102.116;"Microsoft Project Standard 2010";"";"";"14.0.7015.1000";"Microsoft Corporation"
10.2.102.116;"Microsoft Office Project Standard 2010";"20150814";"14.0";"14.0.7015.1000";"Microsoft Corporation"
10.2.102.116;"Microsoft Office Project MUI (Portuguese (Brazil)) 2010";"20150724";"14.0";"14.0.7015.1000";"Microsoft Corporation"
10.2.102.126;"Microsoft Project Professional 2010";"";"";"14.0.4763.1000";"Microsoft Corporation"
10.2.102.126;"Microsoft Office Project Professional 2010";"20150812";"14.0";"14.0.4763.1000";"Microsoft Corporation"
10.2.102.126;"Microsoft Office Project MUI (Portuguese (Brazil)) 2010";"20150803";"14.0";"14.0.4763.1000";"Microsoft Corporation"
10.2.102.156;"Microsoft Office Project Professional 2007";"";"";"12.0.6612.1000";"Microsoft Corporation"
10.2.102.156;"Microsoft Office Project Professional 2007";"20150814";"12.0";"12.0.6612.1000";"Microsoft Corporation"
10.2.102.156;"Microsoft Office Project 2007 Service Pack 3 (SP3)";"";"";"";"Microsoft"
10.2.102.156;"Microsoft Office Project MUI (Portuguese (Brazil)) 2007";"20150209";"12.0";"12.0.6612.1000";"Microsoft Corporation"
10.2.102.156;"Microsoft Office Project 2007 Service Pack 3 (SP3)";"";"";"";"Microsoft"
10.2.102.156;"Microsoft Office Project Professional 2007";"";"";"12.0.6612.1000";"Microsoft Corporation"
10.2.102.156;"Microsoft Office Project Professional 2007";"20150814";"12.0";"12.0.6612.1000";"Microsoft Corporation"
10.2.102.156;"Microsoft Office Project 2007 Service Pack 3 (SP3)";"";"";"";"Microsoft"
10.2.102.156;"Microsoft Office Project MUI (Portuguese (Brazil)) 2007";"20150209";"12.0";"12.0.6612.1000";"Microsoft Corporation"
10.2.102.156;"Microsoft Office Project 2007 Service Pack 3 (SP3)";"";"";"";"Microsoft"
10.2.102.158;"Microsoft Project Professional 2010";"";"";"14.0.4763.1000";"Microsoft Corporation"
10.2.102.158;"Microsoft Office Project Professional 2010";"20150725";"14.0";"14.0.4763.1000";"Microsoft Corporation"
10.2.102.158;"Microsoft Office Project MUI (Portuguese (Brazil)) 2010";"20150725";"14.0";"14.0.4763.1000";"Microsoft Corporation"
10.2.102.165;"Microsoft Project Professional 2010";"";"";"14.0.7015.1000";"Microsoft Corporation"
10.2.102.165;"Microsoft Office Project Professional 2010";"20150612";"14.0";"14.0.7015.1000";"Microsoft Corporation"
10.2.102.165;"Microsoft Office Project MUI (Portuguese (Brazil)) 2010";"20150516";"14.0";"14.0.7015.1000";"Microsoft Corporation"
10.2.102.167;"Microsoft Project Professional 2010";"";"";"14.0.4763.1000";"Microsoft Corporation"
10.2.102.167;"Microsoft Office Project Professional 2010";"20150813";"14.0";"14.0.4763.1000";"Microsoft Corporation"
10.2.102.167;"Microsoft Office Project MUI (Portuguese (Brazil)) 2010";"20150805";"14.0";"14.0.4763.1000";"Microsoft Corporation"
10.2.102.177;"Microsoft Project Professional 2010";"";"";"14.0.7015.1000";"Microsoft Corporation"
10.2.102.177;"Microsoft Office Project Professional 2010";"20150813";"14.0";"14.0.7015.1000";"Microsoft Corporation"
10.2.102.177;"Microsoft Office Project MUI (Portuguese (Brazil)) 2010";"20150716";"14.0";"14.0.7015.1000";"Microsoft Corporation"
10.2.102.236;"Microsoft Project Professional 2013";"";"15.0";"15.0.4569.1506";"Microsoft Corporation"
10.2.102.236;"Microsoft Project Professional 2013";"20150528";"15.0";"15.0.4569.1506";"Microsoft Corporation"
10.2.102.236;"Microsoft Project MUI (Portuguese (Portugal)) 2013";"20150528";"15.0";"15.0.4569.1506";"Microsoft Corporation"
10.2.102.77;"Microsoft Project Standard 2010";"";"";"14.0.4763.1000";"Microsoft Corporation"
10.2.102.77;"Microsoft Office Project Standard 2010";"20150225";"14.0";"14.0.4763.1000";"Microsoft Corporation"
10.2.102.77;"Microsoft Office Project MUI (Portuguese (Brazil)) 2010";"20150225";"14.0";"14.0.4763.1000";"Microsoft Corporation"
10.2.102.81;"Microsoft Project Professional 2010";"";"";"14.0.7015.1000";"Microsoft Corporation"
10.2.102.81;"Microsoft Office Project Professional 2007";"";"";"12.0.6612.1000";"Microsoft Corporation"
10.2.102.81;"Microsoft Office Project Professional 2007";"20150814";"12.0";"12.0.6612.1000";"Microsoft Corporation"
10.2.102.81;"Microsoft Office Project 2007 Service Pack 3 (SP3)";"";"";"";"Microsoft"
10.2.102.81;"Microsoft Office Project MUI (Portuguese (Brazil)) 2007";"20150306";"12.0";"12.0.6612.1000";"Microsoft Corporation"
10.2.102.81;"Microsoft Office Project 2007 Service Pack 3 (SP3)";"";"";"";"Microsoft"
10.2.102.81;"Microsoft Office Project Professional 2010";"20150814";"14.0";"14.0.7015.1000";"Microsoft Corporation"
10.2.102.81;"Microsoft Office Project MUI (Portuguese (Brazil)) 2010";"20150730";"14.0";"14.0.7015.1000";"Microsoft Corporation"
10.2.102.84;"Microsoft Project Professional 2010";"";"";"14.0.7015.1000";"Microsoft Corporation"
10.2.102.84;"Microsoft Office Project Professional 2010";"20150813";"14.0";"14.0.7015.1000";"Microsoft Corporation"
10.2.102.84;"Microsoft Office Project MUI (Portuguese (Brazil)) 2010";"20150716";"14.0";"14.0.7015.1000";"Microsoft Corporation"
10.2.102.84;"Microsoft Project Professional 2010";"";"";"14.0.7015.1000";"Microsoft Corporation"
10.2.102.84;"Microsoft Office Project Professional 2010";"20150813";"14.0";"14.0.7015.1000";"Microsoft Corporation"
10.2.102.84;"Microsoft Office Project MUI (Portuguese (Brazil)) 2010";"20150716";"14.0";"14.0.7015.1000";"Microsoft Corporation"
10.2.102.88;"Microsoft Project Standard 2010";"";"";"14.0.7015.1000";"Microsoft Corporation"
10.2.102.88;"Microsoft Office Project Standard 2010";"20150730";"14.0";"14.0.7015.1000";"Microsoft Corporation"
10.2.102.88;"Microsoft Office Project MUI (Portuguese (Brazil)) 2010";"20150730";"14.0";"14.0.7015.1000";"Microsoft Corporation"
10.2.102.93;"Microsoft Project Professional 2010";"";"";"14.0.7015.1000";"Microsoft Corporation"
10.2.102.93;"Microsoft Office Project Professional 2010";"20150723";"14.0";"14.0.7015.1000";"Microsoft Corporation"
10.2.102.93;"Microsoft Office Project MUI (Portuguese (Brazil)) 2010";"20150723";"14.0";"14.0.7015.1000";"Microsoft Corporation"
10.2.102.95;"Microsoft Project Professional 2010";"";"";"14.0.4763.1000";"Microsoft Corporation"
10.2.102.95;"Microsoft Office Project Professional 2010";"20150812";"14.0";"14.0.4763.1000";"Microsoft Corporation"
10.2.102.95;"Microsoft Office Project MUI (Portuguese (Brazil)) 2010";"20150715";"14.0";"14.0.4763.1000";"Microsoft Corporation"
10.2.103.0;"Microsoft Project Professional 2010";"";"";"14.0.7015.1000";"Microsoft Corporation"
10.2.103.0;"Microsoft Office Project Professional 2010";"20150813";"14.0";"14.0.7015.1000";"Microsoft Corporation"
10.2.103.0;"Microsoft Office Project MUI (Portuguese (Brazil)) 2010";"20150723";"14.0";"14.0.7015.1000";"Microsoft Corporation"
10.2.103.116;"Microsoft Project Standard 2010";"";"";"14.0.7015.1000";"Microsoft Corporation"
10.2.103.116;"Microsoft Office Project Standard 2010";"20150817";"14.0";"14.0.7015.1000";"Microsoft Corporation"
10.2.103.116;"Microsoft Office Project MUI (Portuguese (Brazil)) 2010";"20150723";"14.0";"14.0.7015.1000";"Microsoft Corporation"
10.2.103.12;"Microsoft Project Professional 2010";"";"";"14.0.4763.1000";"Microsoft Corporation"
10.2.103.12;"Microsoft Office Project Professional 2010";"20150813";"14.0";"14.0.4763.1000";"Microsoft Corporation"
10.2.103.12;"Microsoft Office Project MUI (Portuguese (Brazil)) 2010";"20150731";"14.0";"14.0.4763.1000";"Microsoft Corporation"
10.2.103.159;"Microsoft Project Professional 2010";"";"";"14.0.7015.1000";"Microsoft Corporation"
10.2.103.159;"Microsoft Office Project Professional 2010";"20150813";"14.0";"14.0.7015.1000";"Microsoft Corporation"
10.2.103.159;"Microsoft Office Project MUI (Portuguese (Brazil)) 2010";"20150722";"14.0";"14.0.7015.1000";"Microsoft Corporation"
10.2.103.18;"Microsoft Project Professional 2010";"";"";"14.0.4763.1000";"Microsoft Corporation"
10.2.103.18;"Microsoft Office Project Professional 2010";"20150813";"14.0";"14.0.4763.1000";"Microsoft Corporation"
10.2.103.18;"Microsoft Office Project MUI (Portuguese (Brazil)) 2010";"20150723";"14.0";"14.0.4763.1000";"Microsoft Corporation"
10.2.103.25;"Microsoft Office Project Professional 2007";"";"";"12.0.6612.1000";"Microsoft Corporation"
10.2.103.25;"Microsoft Office Project Professional 2007";"20150819";"12.0";"12.0.6612.1000";"Microsoft Corporation"
10.2.103.25;"Microsoft Office Project 2007 Service Pack 3 (SP3)";"";"";"";"Microsoft"
10.2.103.25;"Microsoft Office Project MUI (Portuguese (Brazil)) 2007";"20150311";"12.0";"12.0.6612.1000";"Microsoft Corporation"
10.2.103.25;"Microsoft Office Project 2007 Service Pack 3 (SP3)";"";"";"";"Microsoft"
10.2.103.58;"Microsoft Project Professional 2010";"";"";"14.0.4763.1000";"Microsoft Corporation"
10.2.103.58;"Microsoft Office Project Professional 2010";"20150821";"14.0";"14.0.4763.1000";"Microsoft Corporation"
10.2.103.58;"Microsoft Office Project MUI (Portuguese (Brazil)) 2010";"20150821";"14.0";"14.0.4763.1000";"Microsoft Corporation"
10.2.103.74;"Microsoft Project Professional 2010";"";"";"14.0.4763.1000";"Microsoft Corporation"
10.2.103.74;"Microsoft Office Project Professional 2010";"20150810";"14.0";"14.0.4763.1000";"Microsoft Corporation"
10.2.103.74;"Microsoft Office Project MUI (Portuguese (Brazil)) 2010";"20150810";"14.0";"14.0.4763.1000";"Microsoft Corporation"
10.2.11.0;"Microsoft Project Standard 2010";"";"";"14.0.4763.1000";"Microsoft Corporation"
10.2.11.0;"Microsoft Office Project Standard 2010";"20150209";"14.0";"14.0.4763.1000";"Microsoft Corporation"
10.2.11.0;"Microsoft Office Project MUI (Portuguese (Brazil)) 2010";"20150209";"14.0";"14.0.4763.1000";"Microsoft Corporation"
10.2.11.108;"Microsoft Visual Studio ProjectAggregator2";"20140929";"1.0";"1.0";"Microsoft Corporation"
10.2.11.110;"Microsoft Project Standard 2010";"";"";"14.0.6029.1000";"Microsoft Corporation"
10.2.11.110;"Microsoft Office Project Standard 2010";"20150311";"14.0";"14.0.6029.1000";"Microsoft Corporation"
10.2.11.110;"Microsoft Project 2010 Service Pack 1 (SP1)";"";"";"";"Microsoft"
10.2.11.110;"Microsoft Office Project MUI (Portuguese (Brazil)) 2010";"20150305";"14.0";"14.0.6029.1000";"Microsoft Corporation"
10.2.11.110;"Microsoft Project 2010 Service Pack 1 (SP1)";"";"";"";"Microsoft"
10.2.11.130;"Microsoft Project Standard 2010";"";"";"14.0.6029.1000";"Microsoft Corporation"
10.2.11.130;"Microsoft Office Project Standard 2010";"20150311";"14.0";"14.0.6029.1000";"Microsoft Corporation"
10.2.11.130;"Microsoft Project 2010 Service Pack 1 (SP1)";"";"";"";"Microsoft"
10.2.11.130;"Microsoft Office Project MUI (Portuguese (Brazil)) 2010";"20150305";"14.0";"14.0.6029.1000";"Microsoft Corporation"
10.2.11.130;"Microsoft Project 2010 Service Pack 1 (SP1)";"";"";"";"Microsoft"
10.2.11.147;"Microsoft Visual Studio ProjectAggregator2";"20150305";"1.0";"1.0";"Microsoft Corporation"
10.2.11.195;"Microsoft Project Standard 2010";"";"";"14.0.4763.1000";"Microsoft Corporation"
10.2.11.195;"Microsoft Office Project Standard 2010";"20150209";"14.0";"14.0.4763.1000";"Microsoft Corporation"
10.2.11.195;"Microsoft Office Project MUI (Portuguese (Brazil)) 2010";"20150209";"14.0";"14.0.4763.1000";"Microsoft Corporation"
10.2.11.85;"Microsoft Project Professional 2010";"";"";"14.0.6029.1000";"Microsoft Corporation"
10.2.11.85;"Microsoft Office Project Professional 2010";"20150504";"14.0";"14.0.6029.1000";"Microsoft Corporation"
10.2.11.85;"Microsoft Project 2010 Service Pack 1 (SP1)";"";"";"";"Microsoft"
10.2.11.85;"Microsoft Office Project MUI (Portuguese (Brazil)) 2010";"20150206";"14.0";"14.0.6029.1000";"Microsoft Corporation"
10.2.11.85;"Microsoft Project 2010 Service Pack 1 (SP1)";"";"";"";"Microsoft"
10.2.12.10;"Cloud Deployment Project for Microsoft Visual Studio 14 - v1.1";"20150611";"1.1";"1.1.0.0";"Microsoft Corporation"
10.2.12.150;"Microsoft Visual Studio ProjectAggregator2";"20140929";"1.0";"1.0";"Microsoft Corporation"
10.2.12.157;"Microsoft Project Professional 2010";"";"";"14.0.7015.1000";"Microsoft Corporation"
10.2.12.157;"Microsoft Office Project Professional 2010";"20150807";"14.0";"14.0.7015.1000";"Microsoft Corporation"
10.2.12.157;"Microsoft Office Project MUI (Portuguese (Brazil)) 2010";"20150806";"14.0";"14.0.7015.1000";"Microsoft Corporation"
10.2.13.190;"Cloud Deployment Project for Microsoft Visual Studio 14 - v1.1";"20150611";"1.1";"1.1.0.0";"Microsoft Corporation"
10.2.13.98;"Microsoft Visual Studio ProjectAggregator2";"20140730";"1.0";"1.0";"Microsoft Corporation"
10.2.14.78;"Microsoft Project Standard 2010";"";"";"14.0.6029.1000";"Microsoft Corporation"
10.2.14.78;"Microsoft Office Project Standard 2010";"20150514";"14.0";"14.0.6029.1000";"Microsoft Corporation"
10.2.14.78;"Microsoft Project 2010 Service Pack 1 (SP1)";"";"";"";"Microsoft"
10.2.14.78;"Microsoft Office Project MUI (Portuguese (Brazil)) 2010";"20150514";"14.0";"14.0.6029.1000";"Microsoft Corporation"
10.2.14.78;"Microsoft Project 2010 Service Pack 1 (SP1)";"";"";"";"Microsoft"
10.2.40.218;"Microsoft Project Server Portuguese (Brazil) Language Pack";"20131117";"14.0";"14.0.7015.1000";"Microsoft Corporation"
10.2.42.110;"Microsoft Project Professional 2010";"";"";"14.0.7015.1000";"Microsoft Corporation"
10.2.42.110;"Microsoft Office Project Professional 2010";"20150723";"14.0";"14.0.7015.1000";"Microsoft Corporation"
10.2.42.110;"Microsoft Office Project MUI (Portuguese (Brazil)) 2010";"20150723";"14.0";"14.0.7015.1000";"Microsoft Corporation"
10.2.42.110;"Microsoft Project Professional 2010";"";"";"14.0.7015.1000";"Microsoft Corporation"
10.2.42.110;"Microsoft Office Project Professional 2010";"20150723";"14.0";"14.0.7015.1000";"Microsoft Corporation"
10.2.42.110;"Microsoft Office Project MUI (Portuguese (Brazil)) 2010";"20150723";"14.0";"14.0.7015.1000";"Microsoft Corporation"
10.2.42.153;"Microsoft Office Project Professional 2003";"20110616";"11.0";"11.0.6707.0";"Microsoft Corporation"
10.2.42.153;"Microsoft Office Project Professional 2003";"20110616";"11.0";"11.0.6707.0";"Microsoft Corporation"
10.2.42.187;"Microsoft Office Project Professional 2007";"";"";"12.0.6612.1000";"Microsoft Corporation"
10.2.42.187;"Microsoft Office Project MUI (English) 2007";"20150723";"12.0";"12.0.6612.1000";"Microsoft Corporation"
10.2.42.187;"Microsoft Office Project 2007 Service Pack 3 (SP3)";"";"";"";"Microsoft"
10.2.42.187;"Microsoft Office Project Professional 2007";"20150723";"12.0";"12.0.6612.1000";"Microsoft Corporation"
10.2.42.187;"Microsoft Office Project 2007 Service Pack 3 (SP3)";"";"";"";"Microsoft"
10.2.42.187;"Microsoft Office Project Professional 2007";"";"";"12.0.6612.1000";"Microsoft Corporation"
10.2.42.187;"Microsoft Office Project MUI (English) 2007";"20150723";"12.0";"12.0.6612.1000";"Microsoft Corporation"
10.2.42.187;"Microsoft Office Project 2007 Service Pack 3 (SP3)";"";"";"";"Microsoft"
10.2.42.187;"Microsoft Office Project Professional 2007";"20150723";"12.0";"12.0.6612.1000";"Microsoft Corporation"
10.2.42.187;"Microsoft Office Project 2007 Service Pack 3 (SP3)";"";"";"";"Microsoft"
10.2.42.190;"Microsoft Project Professional 2010";"";"";"14.0.7015.1000";"Microsoft Corporation"
10.2.42.190;"Microsoft Office Project Professional 2010";"20150716";"14.0";"14.0.7015.1000";"Microsoft Corporation"
10.2.42.190;"Microsoft Office Project MUI (Portuguese (Brazil)) 2010";"20150716";"14.0";"14.0.7015.1000";"Microsoft Corporation"
10.2.42.221;"Microsoft Project Professional 2010";"";"";"14.0.7015.1000";"Microsoft Corporation"
10.2.42.221;"Microsoft Office Project Professional 2010";"20150722";"14.0";"14.0.7015.1000";"Microsoft Corporation"
10.2.42.221;"Microsoft Office Project MUI (Portuguese (Brazil)) 2010";"20150722";"14.0";"14.0.7015.1000";"Microsoft Corporation"
10.2.42.241;"Microsoft Project Server Portuguese (Brazil) Language Pack";"20150528";"14.0";"14.0.7015.1000";"Microsoft Corporation"
10.2.42.3;"Microsoft Office Project Professional 2007";"";"";"12.0.6612.1000";"Microsoft Corporation"
10.2.42.3;"Microsoft Office Project MUI (English) 2007";"20120905";"12.0";"12.0.6612.1000";"Microsoft Corporation"
10.2.42.3;"Microsoft Office Project 2007 Service Pack 3 (SP3)";"";"";"";"Microsoft"
10.2.42.3;"Microsoft Office Project Professional 2007";"20150813";"12.0";"12.0.6612.1000";"Microsoft Corporation"
10.2.42.3;"Microsoft Office Project 2007 Service Pack 3 (SP3)";"";"";"";"Microsoft"
10.2.42.42;"Microsoft Office Project Professional 2007";"";"";"12.0.6612.1000";"Microsoft Corporation"
10.2.42.42;"Microsoft Office Project Professional 2007";"20150724";"12.0";"12.0.6612.1000";"Microsoft Corporation"
10.2.42.42;"Microsoft Office Project 2007 Service Pack 3 (SP3)";"";"";"";"Microsoft"
10.2.42.42;"Microsoft Office Project Professional 2007";"";"";"12.0.6612.1000";"Microsoft Corporation"
10.2.42.42;"Microsoft Office Project Professional 2007";"20150724";"12.0";"12.0.6612.1000";"Microsoft Corporation"
10.2.42.42;"Microsoft Office Project 2007 Service Pack 3 (SP3)";"";"";"";"Microsoft"
10.2.42.64;"Microsoft Project Professional 2010";"";"";"14.0.4763.1000";"Microsoft Corporation"
10.2.42.64;"Microsoft Office Project Professional 2010";"20150717";"14.0";"14.0.4763.1000";"Microsoft Corporation"
10.2.42.64;"Microsoft Office Project MUI (Portuguese (Brazil)) 2010";"20150717";"14.0";"14.0.4763.1000";"Microsoft Corporation"
10.2.43.101;"Microsoft Office Project Professional 2007";"";"";"12.0.4518.1014";"Microsoft Corporation"
10.2.43.101;"Microsoft Office Project MUI (English) 2007";"20140702";"12.0";"12.0.4518.1014";"Microsoft Corporation"
10.2.43.101;"Microsoft Office Project Professional 2007";"20150813";"12.0";"12.0.4518.1014";"Microsoft Corporation"
10.2.43.119;"Microsoft Project Professional 2010";"";"";"14.0.7015.1000";"Microsoft Corporation"
10.2.43.119;"Microsoft Office Project Professional 2010";"20150813";"14.0";"14.0.7015.1000";"Microsoft Corporation"
10.2.43.119;"Microsoft Office Project MUI (Portuguese (Brazil)) 2010";"20150723";"14.0";"14.0.7015.1000";"Microsoft Corporation"
10.2.43.159;"Microsoft Project Professional 2010";"";"";"14.0.7015.1000";"Microsoft Corporation"
10.2.43.159;"Microsoft Office Project Professional 2010";"20150722";"14.0";"14.0.7015.1000";"Microsoft Corporation"
10.2.43.159;"Microsoft Office Project MUI (Portuguese (Brazil)) 2010";"20150722";"14.0";"14.0.7015.1000";"Microsoft Corporation"
10.2.43.159;"Microsoft Project Professional 2010";"";"";"14.0.7015.1000";"Microsoft Corporation"
10.2.43.159;"Microsoft Office Project Professional 2010";"20150722";"14.0";"14.0.7015.1000";"Microsoft Corporation"
10.2.43.159;"Microsoft Office Project MUI (Portuguese (Brazil)) 2010";"20150722";"14.0";"14.0.7015.1000";"Microsoft Corporation"
10.2.43.180;"Microsoft Office Project Professional 2007";"";"";"12.0.6612.1000";"Microsoft Corporation"
10.2.43.180;"Microsoft Office Project MUI (English) 2007";"20120702";"12.0";"12.0.6612.1000";"Microsoft Corporation"
10.2.43.180;"Microsoft Office Project 2007 Service Pack 3 (SP3)";"";"";"";"Microsoft"
10.2.43.180;"Microsoft Office Project Professional 2007";"20150813";"12.0";"12.0.6612.1000";"Microsoft Corporation"
10.2.43.180;"Microsoft Office Project 2007 Service Pack 3 (SP3)";"";"";"";"Microsoft"
10.2.43.185;"Microsoft Project Professional 2010";"";"";"14.0.4763.1000";"Microsoft Corporation"
10.2.43.185;"Microsoft Office Project Professional 2010";"20150720";"14.0";"14.0.4763.1000";"Microsoft Corporation"
10.2.43.185;"Microsoft Office Project MUI (Portuguese (Brazil)) 2010";"20150720";"14.0";"14.0.4763.1000";"Microsoft Corporation"
10.2.43.185;"Microsoft Project Professional 2010";"";"";"14.0.4763.1000";"Microsoft Corporation"
10.2.43.185;"Microsoft Office Project Professional 2010";"20150720";"14.0";"14.0.4763.1000";"Microsoft Corporation"
10.2.43.185;"Microsoft Office Project MUI (Portuguese (Brazil)) 2010";"20150720";"14.0";"14.0.4763.1000";"Microsoft Corporation"
10.2.43.193;"Microsoft Project Professional 2010";"";"";"14.0.7015.1000";"Microsoft Corporation"
10.2.43.193;"Microsoft Office Project Professional 2010";"20150813";"14.0";"14.0.7015.1000";"Microsoft Corporation"
10.2.43.193;"Microsoft Office Project MUI (Portuguese (Brazil)) 2010";"20150722";"14.0";"14.0.7015.1000";"Microsoft Corporation"
10.2.43.218;"Microsoft Project Professional 2010";"";"";"14.0.7015.1000";"Microsoft Corporation"
10.2.43.218;"Microsoft Office Project Professional 2010";"20150810";"14.0";"14.0.7015.1000";"Microsoft Corporation"
10.2.43.218;"Microsoft Office Project MUI (Portuguese (Brazil)) 2010";"20150810";"14.0";"14.0.7015.1000";"Microsoft Corporation"
10.2.43.218;"Microsoft Project Professional 2010";"";"";"14.0.7015.1000";"Microsoft Corporation"
10.2.43.218;"Microsoft Office Project Professional 2010";"20150810";"14.0";"14.0.7015.1000";"Microsoft Corporation"
10.2.43.218;"Microsoft Office Project MUI (Portuguese (Brazil)) 2010";"20150810";"14.0";"14.0.7015.1000";"Microsoft Corporation"
10.2.43.228;"Microsoft Project Professional 2010";"";"";"14.0.7015.1000";"Microsoft Corporation"
10.2.43.228;"Microsoft Office Project Professional 2010";"20150723";"14.0";"14.0.7015.1000";"Microsoft Corporation"
10.2.43.228;"Microsoft Office Project MUI (Portuguese (Brazil)) 2010";"20150722";"14.0";"14.0.7015.1000";"Microsoft Corporation"
10.2.43.228;"Microsoft Project Professional 2010";"";"";"14.0.7015.1000";"Microsoft Corporation"
10.2.43.228;"Microsoft Office Project Professional 2010";"20150723";"14.0";"14.0.7015.1000";"Microsoft Corporation"
10.2.43.228;"Microsoft Office Project MUI (Portuguese (Brazil)) 2010";"20150722";"14.0";"14.0.7015.1000";"Microsoft Corporation"
10.2.43.99;"Microsoft Project Professional 2010";"";"";"14.0.7015.1000";"Microsoft Corporation"
10.2.43.99;"Microsoft Office Project Professional 2010";"20150814";"14.0";"14.0.7015.1000";"Microsoft Corporation"
10.2.43.99;"Microsoft Office Project MUI (Portuguese (Brazil)) 2010";"20150722";"14.0";"14.0.7015.1000";"Microsoft Corporation"
10.2.44.158;"Microsoft Office Project Professional 2007";"";"";"12.0.6612.1000";"Microsoft Corporation"
10.2.44.158;"Microsoft Office Project MUI (English) 2007";"20120702";"12.0";"12.0.6612.1000";"Microsoft Corporation"
10.2.44.158;"Microsoft Office Project 2007 Service Pack 3 (SP3)";"";"";"";"Microsoft"
10.2.44.158;"Microsoft Office Project Professional 2007";"20150813";"12.0";"12.0.6612.1000";"Microsoft Corporation"
10.2.44.158;"Microsoft Office Project 2007 Service Pack 3 (SP3)";"";"";"";"Microsoft"
10.2.44.160;"Microsoft Office Project Professional 2007";"";"";"12.0.6612.1000";"Microsoft Corporation"
10.2.44.160;"Microsoft Office Project MUI (English) 2007";"20120531";"12.0";"12.0.6612.1000";"Microsoft Corporation"
10.2.44.160;"Microsoft Office Project 2007 Service Pack 3 (SP3)";"";"";"";"Microsoft"
10.2.44.160;"Microsoft Office Project Professional 2007";"20150722";"12.0";"12.0.6612.1000";"Microsoft Corporation"
10.2.44.160;"Microsoft Office Project 2007 Service Pack 3 (SP3)";"";"";"";"Microsoft"
10.2.44.160;"Microsoft Office Project Professional 2007";"";"";"12.0.6612.1000";"Microsoft Corporation"
10.2.44.160;"Microsoft Office Project MUI (English) 2007";"20120531";"12.0";"12.0.6612.1000";"Microsoft Corporation"
10.2.44.160;"Microsoft Office Project 2007 Service Pack 3 (SP3)";"";"";"";"Microsoft"
10.2.44.160;"Microsoft Office Project Professional 2007";"20150722";"12.0";"12.0.6612.1000";"Microsoft Corporation"
10.2.44.160;"Microsoft Office Project 2007 Service Pack 3 (SP3)";"";"";"";"Microsoft"
10.2.44.196;"Microsoft Office Project Professional 2003";"20141022";"11.0";"11.0.8173.0";"Microsoft Corporation"
10.2.44.196;"Microsoft Office Project Professional 2003";"20141022";"11.0";"11.0.8173.0";"Microsoft Corporation"
10.2.44.210;"Microsoft Project Professional 2010";"";"";"14.0.7015.1000";"Microsoft Corporation"
10.2.44.210;"Microsoft Office Project Professional 2010";"20150814";"14.0";"14.0.7015.1000";"Microsoft Corporation"
10.2.44.210;"Microsoft Office Project MUI (Portuguese (Brazil)) 2010";"20150722";"14.0";"14.0.7015.1000";"Microsoft Corporation"
10.2.44.224;"Microsoft Project Professional 2010";"";"";"14.0.7015.1000";"Microsoft Corporation"
10.2.44.224;"Microsoft Office Project Professional 2010";"20150813";"14.0";"14.0.7015.1000";"Microsoft Corporation"
10.2.44.224;"Microsoft Office Project MUI (Portuguese (Brazil)) 2010";"20150723";"14.0";"14.0.7015.1000";"Microsoft Corporation"
10.2.44.234;"Microsoft Project Professional 2010";"";"";"14.0.4763.1000";"Microsoft Corporation"
10.2.44.234;"Microsoft Office Project Professional 2010";"20150720";"14.0";"14.0.4763.1000";"Microsoft Corporation"
10.2.44.234;"Microsoft Office Project MUI (Portuguese (Brazil)) 2010";"20150720";"14.0";"14.0.4763.1000";"Microsoft Corporation"
10.2.44.234;"Microsoft Project Professional 2010";"";"";"14.0.4763.1000";"Microsoft Corporation"
10.2.44.234;"Microsoft Office Project Professional 2010";"20150720";"14.0";"14.0.4763.1000";"Microsoft Corporation"
10.2.44.234;"Microsoft Office Project MUI (Portuguese (Brazil)) 2010";"20150720";"14.0";"14.0.4763.1000";"Microsoft Corporation"
10.2.44.253;"Microsoft Office Project Professional 2007";"";"";"12.0.6612.1000";"Microsoft Corporation"
10.2.44.253;"Microsoft Office Project MUI (English) 2007";"20141001";"12.0";"12.0.6612.1000";"Microsoft Corporation"
10.2.44.253;"Microsoft Office Project 2007 Service Pack 3 (SP3)";"";"";"";"Microsoft"
10.2.44.253;"Microsoft Office Project Professional 2007";"20150813";"12.0";"12.0.6612.1000";"Microsoft Corporation"
10.2.44.253;"Microsoft Office Project 2007 Service Pack 3 (SP3)";"";"";"";"Microsoft"
10.2.44.253;"Microsoft Office Project Professional 2007";"";"";"12.0.6612.1000";"Microsoft Corporation"
10.2.44.253;"Microsoft Office Project MUI (English) 2007";"20141001";"12.0";"12.0.6612.1000";"Microsoft Corporation"
10.2.44.253;"Microsoft Office Project 2007 Service Pack 3 (SP3)";"";"";"";"Microsoft"
10.2.44.253;"Microsoft Office Project Professional 2007";"20150813";"12.0";"12.0.6612.1000";"Microsoft Corporation"
10.2.44.253;"Microsoft Office Project 2007 Service Pack 3 (SP3)";"";"";"";"Microsoft"
10.2.44.254;"Microsoft Office Project Professional 2007";"";"";"12.0.6612.1000";"Microsoft Corporation"
10.2.44.254;"Microsoft Office Project MUI (English) 2007";"20141003";"12.0";"12.0.6612.1000";"Microsoft Corporation"
10.2.44.254;"Microsoft Office Project 2007 Service Pack 3 (SP3)";"";"";"";"Microsoft"
10.2.44.254;"Microsoft Office Project Professional 2007";"20150720";"12.0";"12.0.6612.1000";"Microsoft Corporation"
10.2.44.254;"Microsoft Office Project 2007 Service Pack 3 (SP3)";"";"";"";"Microsoft"
10.2.44.254;"Microsoft Office Project Professional 2007";"";"";"12.0.6612.1000";"Microsoft Corporation"
10.2.44.254;"Microsoft Office Project MUI (English) 2007";"20141003";"12.0";"12.0.6612.1000";"Microsoft Corporation"
10.2.44.254;"Microsoft Office Project 2007 Service Pack 3 (SP3)";"";"";"";"Microsoft"
10.2.44.254;"Microsoft Office Project Professional 2007";"20150720";"12.0";"12.0.6612.1000";"Microsoft Corporation"
10.2.44.254;"Microsoft Office Project 2007 Service Pack 3 (SP3)";"";"";"";"Microsoft"
10.2.44.54;"Microsoft Office Project Professional 2003";"20141002";"11.0";"11.0.8173.0";"Microsoft Corporation"
10.2.44.54;"Microsoft Office Project Professional 2003";"20141002";"11.0";"11.0.8173.0";"Microsoft Corporation"
10.2.45.13;"Microsoft Project Professional 2010";"";"";"14.0.7015.1000";"Microsoft Corporation"
10.2.45.13;"Microsoft Office Project Professional 2010";"20150813";"14.0";"14.0.7015.1000";"Microsoft Corporation"
10.2.45.13;"Microsoft Office Project MUI (Portuguese (Brazil)) 2010";"20150717";"14.0";"14.0.7015.1000";"Microsoft Corporation"
10.2.45.183;"Microsoft Project Professional 2010";"";"";"14.0.7015.1000";"Microsoft Corporation"
10.2.45.183;"Microsoft Office Project Professional 2010";"20150721";"14.0";"14.0.7015.1000";"Microsoft Corporation"
10.2.45.183;"Microsoft Office Project MUI (Portuguese (Brazil)) 2010";"20150721";"14.0";"14.0.7015.1000";"Microsoft Corporation"
10.2.45.20;"Microsoft Office Project Professional 2003";"20141004";"11.0";"11.0.8173.0";"Microsoft Corporation"
10.2.45.20;"Microsoft Office Project Professional 2003";"20141004";"11.0";"11.0.8173.0";"Microsoft Corporation"
10.2.45.237;"Microsoft Office Project Professional 2007";"";"";"12.0.4518.1014";"Microsoft Corporation"
10.2.45.237;"Microsoft Office Project MUI (English) 2007";"20140725";"12.0";"12.0.4518.1014";"Microsoft Corporation"
10.2.45.237;"Microsoft Office Project Professional 2007";"20150724";"12.0";"12.0.4518.1014";"Microsoft Corporation"
10.2.45.237;"Microsoft Office Project Professional 2007";"";"";"12.0.4518.1014";"Microsoft Corporation"
10.2.45.237;"Microsoft Office Project MUI (English) 2007";"20140725";"12.0";"12.0.4518.1014";"Microsoft Corporation"
10.2.45.237;"Microsoft Office Project Professional 2007";"20150724";"12.0";"12.0.4518.1014";"Microsoft Corporation"
10.2.45.36;"Microsoft Project Professional 2010";"";"";"14.0.4763.1000";"Microsoft Corporation"
10.2.45.36;"Microsoft Office Project Professional 2010";"20150812";"14.0";"14.0.4763.1000";"Microsoft Corporation"
10.2.45.36;"Microsoft Office Project MUI (Portuguese (Brazil)) 2010";"20150722";"14.0";"14.0.4763.1000";"Microsoft Corporation"
10.2.45.69;"Microsoft Project Professional 2010";"";"";"14.0.6029.1000";"Microsoft Corporation"
10.2.45.69;"Microsoft Office Project Professional 2010";"20150723";"14.0";"14.0.6029.1000";"Microsoft Corporation"
10.2.45.69;"Microsoft Project 2010 Service Pack 1 (SP1)";"";"";"";"Microsoft"
10.2.45.69;"Microsoft Office Project MUI (Portuguese (Brazil)) 2010";"20150716";"14.0";"14.0.6029.1000";"Microsoft Corporation"
10.2.45.69;"Microsoft Project 2010 Service Pack 1 (SP1)";"";"";"";"Microsoft"
10.2.45.69;"Microsoft Project Professional 2010";"";"";"14.0.6029.1000";"Microsoft Corporation"
10.2.45.69;"Microsoft Office Project Professional 2010";"20150723";"14.0";"14.0.6029.1000";"Microsoft Corporation"
10.2.45.69;"Microsoft Project 2010 Service Pack 1 (SP1)";"";"";"";"Microsoft"
10.2.45.69;"Microsoft Office Project MUI (Portuguese (Brazil)) 2010";"20150716";"14.0";"14.0.6029.1000";"Microsoft Corporation"
10.2.45.69;"Microsoft Project 2010 Service Pack 1 (SP1)";"";"";"";"Microsoft"
10.2.45.6;"Microsoft Project Professional 2010";"";"";"14.0.7015.1000";"Microsoft Corporation"
10.2.45.6;"Microsoft Office Project Professional 2010";"20150813";"14.0";"14.0.7015.1000";"Microsoft Corporation"
10.2.45.6;"Microsoft Office Project MUI (Portuguese (Brazil)) 2010";"20150717";"14.0";"14.0.7015.1000";"Microsoft Corporation"
10.2.45.86;"Microsoft Project Professional 2010";"";"";"14.0.4763.1000";"Microsoft Corporation"
10.2.45.86;"Microsoft Office Project Professional 2010";"20150722";"14.0";"14.0.4763.1000";"Microsoft Corporation"
10.2.45.86;"Microsoft Office Project MUI (Portuguese (Brazil)) 2010";"20150722";"14.0";"14.0.4763.1000";"Microsoft Corporation"
10.2.52.13;"Microsoft Project Standard 2010";"";"";"14.0.6029.1000";"Microsoft Corporation"
10.2.52.13;"Microsoft Office Project Standard 2010";"20150813";"14.0";"14.0.6029.1000";"Microsoft Corporation"
10.2.52.13;"Microsoft Project 2010 Service Pack 1 (SP1)";"";"";"";"Microsoft"
10.2.52.13;"Microsoft Office Project MUI (Portuguese (Brazil)) 2010";"20150730";"14.0";"14.0.6029.1000";"Microsoft Corporation"
10.2.52.13;"Microsoft Project 2010 Service Pack 1 (SP1)";"";"";"";"Microsoft"
10.2.52.24;"Microsoft Project Professional 2010";"";"";"14.0.4763.1000";"Microsoft Corporation"
10.2.52.24;"Microsoft Office Project Professional 2010";"20150814";"14.0";"14.0.4763.1000";"Microsoft Corporation"
10.2.52.24;"Microsoft Office Project MUI (Portuguese (Brazil)) 2010";"20150723";"14.0";"14.0.4763.1000";"Microsoft Corporation"
10.2.52.36;"Microsoft Project Standard 2010";"";"";"14.0.7015.1000";"Microsoft Corporation"
10.2.52.36;"Microsoft Office Project Standard 2010";"20150816";"14.0";"14.0.7015.1000";"Microsoft Corporation"
10.2.52.36;"Microsoft Office Project MUI (Portuguese (Brazil)) 2010";"20150722";"14.0";"14.0.7015.1000";"Microsoft Corporation"
10.2.66.122;"Microsoft Project Professional 2010";"";"";"14.0.4763.1000";"Microsoft Corporation"
10.2.66.122;"Microsoft Office Project Professional 2010";"20150813";"14.0";"14.0.4763.1000";"Microsoft Corporation"
10.2.66.122;"Microsoft Office Project MUI (Portuguese (Brazil)) 2010";"20150813";"14.0";"14.0.4763.1000";"Microsoft Corporation"
10.2.66.154;"Microsoft Project Standard 2010";"";"";"14.0.7015.1000";"Microsoft Corporation"
10.2.66.154;"Microsoft Office Project Standard 2010";"20150813";"14.0";"14.0.7015.1000";"Microsoft Corporation"
10.2.66.154;"Microsoft Office Project MUI (Portuguese (Brazil)) 2010";"20150723";"14.0";"14.0.7015.1000";"Microsoft Corporation"
10.2.66.15;"Microsoft Office Project Professional 2010";"20150813";"14.0";"14.0.7015.1000";"Microsoft Corporation"
10.2.66.15;"Microsoft Office Project MUI (Portuguese (Brazil)) 2010";"20150813";"14.0";"14.0.7015.1000";"Microsoft Corporation"
10.2.66.15;"Microsoft Office Project Professional 2010";"20150813";"14.0";"14.0.7015.1000";"Microsoft Corporation"
10.2.66.15;"Microsoft Office Project MUI (Portuguese (Brazil)) 2010";"20150813";"14.0";"14.0.7015.1000";"Microsoft Corporation"
10.2.66.191;"Microsoft Project Professional 2010";"";"";"14.0.7015.1000";"Microsoft Corporation"
10.2.66.191;"Microsoft Office Project Professional 2010";"20150814";"14.0";"14.0.7015.1000";"Microsoft Corporation"
10.2.66.191;"Microsoft Office Project MUI (Portuguese (Brazil)) 2010";"20150807";"14.0";"14.0.7015.1000";"Microsoft Corporation"
10.2.66.198;"Microsoft Project Professional 2010";"";"";"14.0.7015.1000";"Microsoft Corporation"
10.2.66.198;"Microsoft Office Project Professional 2010";"20150813";"14.0";"14.0.7015.1000";"Microsoft Corporation"
10.2.66.198;"Microsoft Office Project MUI (Portuguese (Brazil)) 2010";"20150730";"14.0";"14.0.7015.1000";"Microsoft Corporation"
10.2.66.211;"Microsoft Project Professional 2010";"";"";"14.0.7015.1000";"Microsoft Corporation"
10.2.66.211;"Microsoft Office Project Professional 2007";"";"";"12.0.6612.1000";"Microsoft Corporation"
10.2.66.211;"Microsoft Office Project Professional 2007";"20150723";"12.0";"12.0.6612.1000";"Microsoft Corporation"
10.2.66.211;"Microsoft Office Project 2007 Service Pack 3 (SP3)";"";"";"";"Microsoft"
10.2.66.211;"Microsoft Office Project MUI (Portuguese (Brazil)) 2007";"20140227";"12.0";"12.0.6612.1000";"Microsoft Corporation"
10.2.66.211;"Microsoft Office Project 2007 Service Pack 3 (SP3)";"";"";"";"Microsoft"
10.2.66.211;"Microsoft Office Project Professional 2010";"20150723";"14.0";"14.0.7015.1000";"Microsoft Corporation"
10.2.66.211;"Microsoft Office Project MUI (Portuguese (Brazil)) 2010";"20150723";"14.0";"14.0.7015.1000";"Microsoft Corporation"
10.2.66.217;"Microsoft Project Professional 2010";"";"";"14.0.6029.1000";"Microsoft Corporation"
10.2.66.217;"Microsoft Office Project Professional 2010";"20150813";"14.0";"14.0.6029.1000";"Microsoft Corporation"
10.2.66.217;"Microsoft Project 2010 Service Pack 1 (SP1)";"";"";"";"Microsoft"
10.2.66.217;"Microsoft Office Project MUI (Portuguese (Brazil)) 2010";"20150723";"14.0";"14.0.6029.1000";"Microsoft Corporation"
10.2.66.217;"Microsoft Project 2010 Service Pack 1 (SP1)";"";"";"";"Microsoft"
10.2.66.242;"Microsoft Project Professional 2010";"";"";"14.0.7015.1000";"Microsoft Corporation"
10.2.66.242;"Microsoft Office Project Professional 2007";"";"";"12.0.6612.1000";"Microsoft Corporation"
10.2.66.242;"Microsoft Office Project Professional 2007";"20150813";"12.0";"12.0.6612.1000";"Microsoft Corporation"
10.2.66.242;"Microsoft Office Project 2007 Service Pack 3 (SP3)";"";"";"";"Microsoft"
10.2.66.242;"Microsoft Office Project MUI (Portuguese (Brazil)) 2007";"20130506";"12.0";"12.0.6612.1000";"Microsoft Corporation"
10.2.66.242;"Microsoft Office Project 2007 Service Pack 3 (SP3)";"";"";"";"Microsoft"
10.2.66.242;"Microsoft Office Project Professional 2010";"20150813";"14.0";"14.0.7015.1000";"Microsoft Corporation"
10.2.66.242;"Microsoft Office Project MUI (Portuguese (Brazil)) 2010";"20150730";"14.0";"14.0.7015.1000";"Microsoft Corporation"
10.2.66.24;"Microsoft Project Professional 2010";"";"";"14.0.7015.1000";"Microsoft Corporation"
10.2.66.24;"Microsoft Office Project Professional 2010";"20150713";"14.0";"14.0.7015.1000";"Microsoft Corporation"
10.2.66.24;"Microsoft Office Project MUI (Portuguese (Brazil)) 2010";"20150227";"14.0";"14.0.7015.1000";"Microsoft Corporation"
10.2.66.31;"Microsoft Project Professional 2010";"";"";"14.0.7015.1000";"Microsoft Corporation"
10.2.66.31;"Microsoft Office Project Professional 2010";"20150723";"14.0";"14.0.7015.1000";"Microsoft Corporation"
10.2.66.31;"Microsoft Office Project MUI (Portuguese (Brazil)) 2010";"20150723";"14.0";"14.0.7015.1000";"Microsoft Corporation"
10.2.66.61;"Microsoft Project Professional 2010";"";"";"14.0.7015.1000";"Microsoft Corporation"
10.2.66.61;"Microsoft Office Project Professional 2010";"20150813";"14.0";"14.0.7015.1000";"Microsoft Corporation"
10.2.66.61;"Microsoft Office Project MUI (Portuguese (Brazil)) 2010";"20150730";"14.0";"14.0.7015.1000";"Microsoft Corporation"
10.2.67.106;"Microsoft Project Professional 2010";"";"";"14.0.7015.1000";"Microsoft Corporation"
10.2.67.106;"Microsoft Office Project Professional 2010";"20150723";"14.0";"14.0.7015.1000";"Microsoft Corporation"
10.2.67.106;"Microsoft Office Project MUI (Portuguese (Brazil)) 2010";"20150723";"14.0";"14.0.7015.1000";"Microsoft Corporation"
10.2.67.124;"Microsoft Project Professional 2010";"";"";"14.0.7015.1000";"Microsoft Corporation"
10.2.67.124;"Microsoft Office Project Professional 2010";"20150813";"14.0";"14.0.7015.1000";"Microsoft Corporation"
10.2.67.124;"Microsoft Office Project MUI (Portuguese (Brazil)) 2010";"20150806";"14.0";"14.0.7015.1000";"Microsoft Corporation"
10.2.67.140;"Microsoft Visual Studio ProjectAggregator2";"20130523";"1.0";"1.0";"Microsoft Corporation"
10.2.67.143;"Microsoft Project Professional 2010";"";"";"14.0.7015.1000";"Microsoft Corporation"
10.2.67.143;"Microsoft Office Project Professional 2010";"20150813";"14.0";"14.0.7015.1000";"Microsoft Corporation"
10.2.67.143;"Microsoft Office Project MUI (Portuguese (Brazil)) 2010";"20150813";"14.0";"14.0.7015.1000";"Microsoft Corporation"
10.2.67.154;"Microsoft Project Professional 2010";"";"";"14.0.7015.1000";"Microsoft Corporation"
10.2.67.154;"Microsoft Office Project Professional 2010";"20150813";"14.0";"14.0.7015.1000";"Microsoft Corporation"
10.2.67.154;"Microsoft Office Project MUI (Portuguese (Brazil)) 2010";"20150723";"14.0";"14.0.7015.1000";"Microsoft Corporation"
10.2.67.214;"Microsoft Office Project Professional 2010";"20150813";"14.0";"14.0.7015.1000";"Microsoft Corporation"
10.2.67.214;"Microsoft Office Project MUI (Portuguese (Brazil)) 2010";"20150723";"14.0";"14.0.7015.1000";"Microsoft Corporation"
10.2.67.214;"Microsoft Office Project Professional 2010";"20150813";"14.0";"14.0.7015.1000";"Microsoft Corporation"
10.2.67.214;"Microsoft Office Project MUI (Portuguese (Brazil)) 2010";"20150723";"14.0";"14.0.7015.1000";"Microsoft Corporation"
10.2.67.220;"Microsoft Project Professional 2010";"";"";"14.0.7015.1000";"Microsoft Corporation"
10.2.67.220;"Microsoft Office Project Professional 2010";"20150813";"14.0";"14.0.7015.1000";"Microsoft Corporation"
10.2.67.220;"Microsoft Office Project MUI (Portuguese (Brazil)) 2010";"20150723";"14.0";"14.0.7015.1000";"Microsoft Corporation"
10.2.67.231;"Microsoft Project Professional 2010";"";"";"14.0.7015.1000";"Microsoft Corporation"
10.2.67.231;"Microsoft Office Project Professional 2010";"20150813";"14.0";"14.0.7015.1000";"Microsoft Corporation"
10.2.67.231;"Microsoft Office Project MUI (Portuguese (Brazil)) 2010";"20150813";"14.0";"14.0.7015.1000";"Microsoft Corporation"
10.2.67.23;"Microsoft Visual Studio ProjectAggregator2";"20120704";"1.0";"1.0";"Microsoft Corporation"
10.2.67.254;"Microsoft Project Professional 2010";"";"";"14.0.7015.1000";"Microsoft Corporation"
10.2.67.254;"Microsoft Project Professional 2013";"";"15.0";"15.0.4569.1506";"Microsoft Corporation"
10.2.67.254;"Microsoft Office Project Professional 2010";"20150806";"14.0";"14.0.7015.1000";"Microsoft Corporation"
10.2.67.254;"Microsoft Office Project MUI (Portuguese (Brazil)) 2010";"20150806";"14.0";"14.0.7015.1000";"Microsoft Corporation"
10.2.67.254;"Microsoft Project MUI (Portuguese (Brazil)) 2013";"20150806";"15.0";"15.0.4569.1506";"Microsoft Corporation"
10.2.67.254;"Microsoft Project Professional 2013";"20150806";"15.0";"15.0.4569.1506";"Microsoft Corporation"
10.2.67.57;"Project and Item Templates for Visual Studio Professionald 2015 - ENU";"20150803";"14.0";"14.0.23121";"Microsoft Corporation"
10.2.67.57;"Project and Item Templates for Visual Studio Express 2015 for Windows 10 - ENU";"20150803";"14.0";"14.0.23121";"Microsoft Corporation"
10.2.67.94;"Microsoft Visual Studio ProjectAggregator2";"20100602";"1.0";"1.0";"Microsoft Corporation"
10.2.67.94;"Microsoft Visual Studio ProjectAggregator2";"20100602";"1.0";"1.0";"Microsoft Corporation"
10.2.67.97;"The Connector 2.0 for Microsoft Project 2010";"20131022";"2.0";"2.0.1";"Ecliptic Technologies, Inc."
10.2.67.97;"The Connector 2.0 for Microsoft Project 2010";"20131022";"2.0";"2.0.1";"Ecliptic Technologies, Inc."
10.2.68.10;"Microsoft Project Professional 2010";"";"";"14.0.4763.1000";"Microsoft Corporation"
10.2.68.10;"Microsoft Office Project Professional 2010";"20150813";"14.0";"14.0.4763.1000";"Microsoft Corporation"
10.2.68.10;"Microsoft Office Project MUI (Portuguese (Brazil)) 2010";"20150813";"14.0";"14.0.4763.1000";"Microsoft Corporation"
10.2.68.149;"Microsoft Project Professional 2010";"";"";"14.0.7015.1000";"Microsoft Corporation"
10.2.68.149;"Microsoft Office Project Professional 2010";"20150813";"14.0";"14.0.7015.1000";"Microsoft Corporation"
10.2.68.149;"Microsoft Office Project MUI (Portuguese (Brazil)) 2010";"20150723";"14.0";"14.0.7015.1000";"Microsoft Corporation"
10.2.68.149;"Microsoft Project Professional 2010";"";"";"14.0.7015.1000";"Microsoft Corporation"
10.2.68.149;"Microsoft Office Project Professional 2010";"20150813";"14.0";"14.0.7015.1000";"Microsoft Corporation"
10.2.68.149;"Microsoft Office Project MUI (Portuguese (Brazil)) 2010";"20150723";"14.0";"14.0.7015.1000";"Microsoft Corporation"
10.2.68.173;"Microsoft Office Project Professional 2007";"";"";"12.0.6612.1000";"Microsoft Corporation"
10.2.68.173;"Microsoft Office Project Professional 2007";"20150813";"12.0";"12.0.6612.1000";"Microsoft Corporation"
10.2.68.173;"Microsoft Office Project 2007 Service Pack 3 (SP3)";"";"";"";"Microsoft"
10.2.68.173;"Microsoft Office Project MUI (Portuguese (Brazil)) 2007";"20150723";"12.0";"12.0.6612.1000";"Microsoft Corporation"
10.2.68.173;"Microsoft Office Project 2007 Service Pack 3 (SP3)";"";"";"";"Microsoft"
10.2.68.177;"Microsoft Project Professional 2010";"";"";"14.0.7015.1000";"Microsoft Corporation"
10.2.68.177;"Microsoft Office Project Professional 2010";"20150813";"14.0";"14.0.7015.1000";"Microsoft Corporation"
10.2.68.177;"Microsoft Office Project MUI (Portuguese (Brazil)) 2010";"20150723";"14.0";"14.0.7015.1000";"Microsoft Corporation"
10.2.68.177;"Microsoft Project Professional 2010";"";"";"14.0.7015.1000";"Microsoft Corporation"
10.2.68.177;"Microsoft Office Project Professional 2010";"20150813";"14.0";"14.0.7015.1000";"Microsoft Corporation"
10.2.68.177;"Microsoft Office Project MUI (Portuguese (Brazil)) 2010";"20150723";"14.0";"14.0.7015.1000";"Microsoft Corporation"
10.2.68.203;"Microsoft Project Professional 2010";"";"";"14.0.4763.1000";"Microsoft Corporation"
10.2.68.203;"Microsoft Office Project Professional 2010";"20150813";"14.0";"14.0.4763.1000";"Microsoft Corporation"
10.2.68.203;"Microsoft Office Project MUI (Portuguese (Brazil)) 2010";"20150722";"14.0";"14.0.4763.1000";"Microsoft Corporation"
10.2.68.2;"Microsoft Project Professional 2010";"";"";"14.0.7015.1000";"Microsoft Corporation"
10.2.68.2;"Microsoft Office Project Professional 2010";"20150813";"14.0";"14.0.7015.1000";"Microsoft Corporation"
10.2.68.2;"Microsoft Office Project MUI (Portuguese (Brazil)) 2010";"20141116";"14.0";"14.0.7015.1000";"Microsoft Corporation"
10.2.68.62;"Microsoft Office Project Professional 2007";"";"";"12.0.6612.1000";"Microsoft Corporation"
10.2.68.62;"Microsoft Office Project Professional 2007";"20150813";"12.0";"12.0.6612.1000";"Microsoft Corporation"
10.2.68.62;"Microsoft Office Project 2007 Service Pack 3 (SP3)";"";"";"";"Microsoft"
10.2.68.62;"Microsoft Office Project MUI (Portuguese (Brazil)) 2007";"20150723";"12.0";"12.0.6612.1000";"Microsoft Corporation"
10.2.68.62;"Microsoft Office Project 2007 Service Pack 3 (SP3)";"";"";"";"Microsoft"
10.2.68.62;"Microsoft Office Project Professional 2007";"";"";"12.0.6612.1000";"Microsoft Corporation"
10.2.68.62;"Microsoft Office Project Professional 2007";"20150813";"12.0";"12.0.6612.1000";"Microsoft Corporation"
10.2.68.62;"Microsoft Office Project 2007 Service Pack 3 (SP3)";"";"";"";"Microsoft"
10.2.68.62;"Microsoft Office Project MUI (Portuguese (Brazil)) 2007";"20150723";"12.0";"12.0.6612.1000";"Microsoft Corporation"
10.2.68.62;"Microsoft Office Project 2007 Service Pack 3 (SP3)";"";"";"";"Microsoft"
10.2.68.63;"Microsoft Office Project Professional 2007";"";"";"12.0.6425.1000";"Microsoft Corporation"
10.2.68.63;"Microsoft Office Project Professional 2007";"20150723";"12.0";"12.0.6425.1000";"Microsoft Corporation"
10.2.68.63;"Microsoft Office Project 2007 Service Pack 2 (SP2)";"";"";"";"Microsoft"
10.2.68.63;"Microsoft Office Project MUI (Portuguese (Brazil)) 2007";"20111011";"12.0";"12.0.6425.1000";"Microsoft Corporation"
10.2.68.63;"Microsoft Office Project 2007 Service Pack 2 (SP2)";"";"";"";"Microsoft"
10.2.68.63;"Microsoft Office Project Professional 2007";"";"";"12.0.6425.1000";"Microsoft Corporation"
10.2.68.63;"Microsoft Office Project Professional 2007";"20150723";"12.0";"12.0.6425.1000";"Microsoft Corporation"
10.2.68.63;"Microsoft Office Project 2007 Service Pack 2 (SP2)";"";"";"";"Microsoft"
10.2.68.63;"Microsoft Office Project MUI (Portuguese (Brazil)) 2007";"20111011";"12.0";"12.0.6425.1000";"Microsoft Corporation"
10.2.68.63;"Microsoft Office Project 2007 Service Pack 2 (SP2)";"";"";"";"Microsoft"
10.2.68.67;"Microsoft Project Professional 2010";"";"";"14.0.7015.1000";"Microsoft Corporation"
10.2.68.67;"Microsoft Office Project Professional 2010";"20150813";"14.0";"14.0.7015.1000";"Microsoft Corporation"
10.2.68.67;"Microsoft Office Project MUI (Portuguese (Brazil)) 2010";"20150806";"14.0";"14.0.7015.1000";"Microsoft Corporation"
10.2.68.76;"Microsoft Project Professional 2010";"";"";"14.0.7015.1000";"Microsoft Corporation"
10.2.68.76;"Microsoft Office Project Professional 2010";"20150813";"14.0";"14.0.7015.1000";"Microsoft Corporation"
10.2.68.76;"Microsoft Office Project MUI (Portuguese (Brazil)) 2010";"20150723";"14.0";"14.0.7015.1000";"Microsoft Corporation"
10.2.69.150;"Microsoft Project Professional 2010";"";"";"14.0.7015.1000";"Microsoft Corporation"
10.2.69.150;"Microsoft Office Project Professional 2010";"20150813";"14.0";"14.0.7015.1000";"Microsoft Corporation"
10.2.69.150;"Microsoft Office Project MUI (Portuguese (Brazil)) 2010";"20150723";"14.0";"14.0.7015.1000";"Microsoft Corporation"
10.2.69.151;"Microsoft Project Professional 2010";"";"";"14.0.7015.1000";"Microsoft Corporation"
10.2.69.151;"Microsoft Office Project Professional 2010";"20150813";"14.0";"14.0.7015.1000";"Microsoft Corporation"
10.2.69.151;"Microsoft Office Project MUI (Portuguese (Brazil)) 2010";"20150721";"14.0";"14.0.7015.1000";"Microsoft Corporation"
10.2.69.55;"Microsoft Office Project MUI (English) 2010";"20130724";"14.0";"14.0.7015.1000";"Microsoft Corporation"
10.2.69.55;"Microsoft Office Project Professional 2010";"20141113";"14.0";"14.0.7015.1000";"Microsoft Corporation"
10.2.69.55;"Microsoft Office Project MUI (English) 2010";"20130724";"14.0";"14.0.7015.1000";"Microsoft Corporation"
10.2.69.55;"Microsoft Office Project Professional 2010";"20141113";"14.0";"14.0.7015.1000";"Microsoft Corporation"
10.2.69.7;"Microsoft Project Professional 2010";"";"";"14.0.4763.1000";"Microsoft Corporation"
10.2.69.7;"Microsoft Office Project Professional 2010";"20150813";"14.0";"14.0.4763.1000";"Microsoft Corporation"
10.2.69.7;"Microsoft Office Project MUI (Portuguese (Brazil)) 2010";"20150728";"14.0";"14.0.4763.1000";"Microsoft Corporation"
10.2.69.81;"Microsoft Visual Studio ProjectAggregator2";"20100602";"1.0";"1.0";"Microsoft Corporation"
10.2.69.81;"Microsoft Office Project Professional 2003";"20150723";"11.0";"11.0.8173.0";"Microsoft Corporation"
10.2.69.81;"Microsoft Visual Studio ProjectAggregator2";"20100602";"1.0";"1.0";"Microsoft Corporation"
10.2.69.81;"Microsoft Office Project Professional 2003";"20150723";"11.0";"11.0.8173.0";"Microsoft Corporation"
10.2.69.94;"Cloud Deployment Project for Microsoft Visual Studio 2013 - v1.1";"20150608";"1.1";"1.1.0.0";"Microsoft Corporation"
10.2.69.97;"Microsoft Project Professional 2013";"";"15.0";"15.0.4569.1506";"Microsoft Corporation"
10.2.69.97;"Microsoft Office Project MUI (Portuguese (Brazil)) 2007";"20140227";"12.0";"12.0.6612.1000";"Microsoft Corporation"
10.2.69.97;"Microsoft Office Project 2007 Service Pack 3 (SP3)";"";"";"";"Microsoft"
10.2.69.97;"Microsoft Project Professional 2013";"20150811";"15.0";"15.0.4569.1506";"Microsoft Corporation"
10.2.69.97;"Microsoft Project MUI (English) 2013";"20150811";"15.0";"15.0.4569.1506";"Microsoft Corporation"
10.2.70.13;"Microsoft Project MUI (English) 2013";"20150813";"15.0";"15.0.4569.1506";"Microsoft Corporation"
10.2.70.13;"Microsoft Project Professional 2013";"20150814";"15.0";"15.0.4569.1506";"Microsoft Corporation"
10.2.70.163;"Microsoft Project Professional 2010";"";"";"14.0.4763.1000";"Microsoft Corporation"
10.2.70.163;"Microsoft Office Project Professional 2010";"20150813";"14.0";"14.0.4763.1000";"Microsoft Corporation"
10.2.70.163;"Microsoft Office Project MUI (Portuguese (Brazil)) 2010";"20150806";"14.0";"14.0.4763.1000";"Microsoft Corporation"
10.2.70.179;"Microsoft Project Professional 2010";"";"";"14.0.7015.1000";"Microsoft Corporation"
10.2.70.179;"Microsoft Office Project Professional 2010";"20150813";"14.0";"14.0.7015.1000";"Microsoft Corporation"
10.2.70.179;"Microsoft Office Project MUI (Portuguese (Brazil)) 2010";"20150813";"14.0";"14.0.7015.1000";"Microsoft Corporation"
10.2.70.179;"Microsoft Project Professional 2010";"";"";"14.0.7015.1000";"Microsoft Corporation"
10.2.70.179;"Microsoft Office Project Professional 2010";"20150813";"14.0";"14.0.7015.1000";"Microsoft Corporation"
10.2.70.179;"Microsoft Office Project MUI (Portuguese (Brazil)) 2010";"20150813";"14.0";"14.0.7015.1000";"Microsoft Corporation"
10.2.70.189;"Microsoft Project Professional 2010";"";"";"14.0.7015.1000";"Microsoft Corporation"
10.2.70.189;"Microsoft Office Project Professional 2010";"20150731";"14.0";"14.0.7015.1000";"Microsoft Corporation"
10.2.70.189;"Microsoft Office Project MUI (Portuguese (Brazil)) 2010";"20150730";"14.0";"14.0.7015.1000";"Microsoft Corporation"
10.2.70.207;"Microsoft Project Professional 2010";"";"";"14.0.7015.1000";"Microsoft Corporation"
10.2.70.207;"Microsoft Office Project Professional 2010";"20150813";"14.0";"14.0.7015.1000";"Microsoft Corporation"
10.2.70.207;"Microsoft Office Project MUI (Portuguese (Brazil)) 2010";"20150724";"14.0";"14.0.7015.1000";"Microsoft Corporation"
10.2.70.23;"Microsoft Project Professional 2010";"";"";"14.0.7015.1000";"Microsoft Corporation"
10.2.70.23;"Microsoft Office Project 2007 Service Pack 3 (SP3)";"";"";"";"Microsoft"
10.2.70.23;"Microsoft Office Project 2007 Service Pack 3 (SP3)";"";"";"";"Microsoft"
10.2.70.23;"Microsoft Office Project 2007 Service Pack 3 (SP3)";"";"";"";"Microsoft"
10.2.70.23;"Microsoft Office Project 2007 Service Pack 3 (SP3)";"";"";"";"Microsoft"
10.2.70.23;"Microsoft Office Project 2007 Service Pack 3 (SP3)";"";"";"";"Microsoft"
10.2.70.23;"Microsoft Office Project 2007 Service Pack 3 (SP3)";"";"";"";"Microsoft"
10.2.70.23;"Microsoft Office Project Professional 2010";"20150813";"14.0";"14.0.7015.1000";"Microsoft Corporation"
10.2.70.23;"Microsoft Office Project MUI (Portuguese (Brazil)) 2010";"20150723";"14.0";"14.0.7015.1000";"Microsoft Corporation"
10.2.70.23;"Microsoft Project Professional 2010";"";"";"14.0.7015.1000";"Microsoft Corporation"
10.2.70.23;"Microsoft Office Project 2007 Service Pack 3 (SP3)";"";"";"";"Microsoft"
10.2.70.23;"Microsoft Office Project 2007 Service Pack 3 (SP3)";"";"";"";"Microsoft"
10.2.70.23;"Microsoft Office Project 2007 Service Pack 3 (SP3)";"";"";"";"Microsoft"
10.2.70.23;"Microsoft Office Project 2007 Service Pack 3 (SP3)";"";"";"";"Microsoft"
10.2.70.23;"Microsoft Office Project 2007 Service Pack 3 (SP3)";"";"";"";"Microsoft"
10.2.70.23;"Microsoft Office Project 2007 Service Pack 3 (SP3)";"";"";"";"Microsoft"
10.2.70.23;"Microsoft Office Project Professional 2010";"20150813";"14.0";"14.0.7015.1000";"Microsoft Corporation"
10.2.70.23;"Microsoft Office Project MUI (Portuguese (Brazil)) 2010";"20150723";"14.0";"14.0.7015.1000";"Microsoft Corporation"
10.2.70.240;"Microsoft Office Project Professional 2007";"";"";"12.0.6612.1000";"Microsoft Corporation"
10.2.70.240;"Microsoft Office Project Professional 2007";"";"";"12.0.6612.1000";"Microsoft Corporation"
10.2.70.240;"Microsoft Office Project Professional 2007";"20150723";"12.0";"12.0.6612.1000";"Microsoft Corporation"
10.2.70.240;"Microsoft Office Project 2007 Service Pack 3 (SP3)";"";"";"";"Microsoft"
10.2.70.240;"Microsoft Office Project MUI (English) 2007";"20120814";"12.0";"12.0.6612.1000";"Microsoft Corporation"
10.2.70.240;"Microsoft Office Project 2007 Service Pack 3 (SP3)";"";"";"";"Microsoft"
10.2.70.240;"Microsoft Office Project MUI (Portuguese (Brazil)) 2007";"20150209";"12.0";"12.0.6612.1000";"Microsoft Corporation"
10.2.70.240;"Microsoft Office Project 2007 Service Pack 3 (SP3)";"";"";"";"Microsoft"
10.2.70.240;"Microsoft Office Project Professional 2007";"20150723";"12.0";"12.0.6612.1000";"Microsoft Corporation"
10.2.70.240;"Microsoft Office Project 2007 Service Pack 3 (SP3)";"";"";"";"Microsoft"
10.2.70.38;"Project and Item Templates for Visual Studio Express 2015 RC for Windows 10 - ENU";"20150616";"14.0";"14.0.22823";"Microsoft Corporation"
10.2.70.38;"Project and Item Templates for Visual Studio Professionald 2015 RC - ENU";"20150616";"14.0";"14.0.22823";"Microsoft Corporation"
10.2.70.65;"Microsoft Project Professional 2010";"";"";"14.0.7015.1000";"Microsoft Corporation"
10.2.70.65;"Microsoft Office Project Professional 2010";"20150723";"14.0";"14.0.7015.1000";"Microsoft Corporation"
10.2.70.65;"Microsoft Office Project MUI (Portuguese (Brazil)) 2010";"20150723";"14.0";"14.0.7015.1000";"Microsoft Corporation"
10.2.70.65;"Microsoft Project Professional 2010";"";"";"14.0.7015.1000";"Microsoft Corporation"
10.2.70.65;"Microsoft Office Project Professional 2010";"20150723";"14.0";"14.0.7015.1000";"Microsoft Corporation"
10.2.70.65;"Microsoft Office Project MUI (Portuguese (Brazil)) 2010";"20150723";"14.0";"14.0.7015.1000";"Microsoft Corporation"
10.2.70.73;"Microsoft Project Professional 2010";"";"";"14.0.7015.1000";"Microsoft Corporation"
10.2.70.73;"Microsoft Office Project Professional 2010";"20150813";"14.0";"14.0.7015.1000";"Microsoft Corporation"
10.2.70.73;"Microsoft Office Project MUI (Portuguese (Brazil)) 2010";"20150723";"14.0";"14.0.7015.1000";"Microsoft Corporation"
10.2.70.85;"Microsoft Office Project Professional 2007";"";"";"12.0.6612.1000";"Microsoft Corporation"
10.2.70.85;"Microsoft Visual Studio ProjectAggregator2";"20130822";"1.0";"1.0";"Microsoft Corporation"
10.2.70.85;"Microsoft Office Project MUI (English) 2007";"20120814";"12.0";"12.0.6612.1000";"Microsoft Corporation"
10.2.70.85;"Microsoft Office Project 2007 Service Pack 3 (SP3)";"";"";"";"Microsoft"
10.2.70.85;"Microsoft Office Project Professional 2007";"20150723";"12.0";"12.0.6612.1000";"Microsoft Corporation"
10.2.70.85;"Microsoft Office Project 2007 Service Pack 3 (SP3)";"";"";"";"Microsoft"
10.2.70.94;"Microsoft Project Professional 2013";"";"15.0";"15.0.4420.1017";"Microsoft Corporation"
10.2.70.94;"Microsoft Office Project MUI (Portuguese (Brazil)) 2010";"20140207";"14.0";"14.0.7015.1000";"Microsoft Corporation"
10.2.70.94;"Microsoft Project Professional 2013";"20150731";"15.0";"15.0.4420.1017";"Microsoft Corporation"
10.2.70.94;"Microsoft Project MUI (English) 2013";"20150731";"15.0";"15.0.4420.1017";"Microsoft Corporation"
10.2.70.9;"Microsoft Project Professional 2010";"";"";"14.0.4763.1000";"Microsoft Corporation"
10.2.70.9;"Microsoft Office Project Professional 2010";"20150813";"14.0";"14.0.4763.1000";"Microsoft Corporation"
10.2.70.9;"Microsoft Office Project MUI (Portuguese (Brazil)) 2010";"20150725";"14.0";"14.0.4763.1000";"Microsoft Corporation"
10.2.71.112;"Microsoft Project Professional 2010";"";"";"14.0.7015.1000";"Microsoft Corporation"
10.2.71.112;"Microsoft Office Project Professional 2010";"20150813";"14.0";"14.0.7015.1000";"Microsoft Corporation"
10.2.71.112;"Microsoft Office Project MUI (Portuguese (Brazil)) 2010";"20150724";"14.0";"14.0.7015.1000";"Microsoft Corporation"
10.2.71.143;"Microsoft Office Project Professional 2010";"20150813";"14.0";"14.0.7015.1000";"Microsoft Corporation"
10.2.71.143;"Microsoft Office Project MUI (Portuguese (Brazil)) 2010";"20141118";"14.0";"14.0.7015.1000";"Microsoft Corporation"
10.2.71.154;"Microsoft Project Professional 2010";"";"";"14.0.7015.1000";"Microsoft Corporation"
10.2.71.154;"Microsoft Office Project Professional 2010";"20150813";"14.0";"14.0.7015.1000";"Microsoft Corporation"
10.2.71.154;"Microsoft Office Project MUI (Portuguese (Brazil)) 2010";"20150730";"14.0";"14.0.7015.1000";"Microsoft Corporation"
10.2.71.154;"Microsoft Project Professional 2010";"";"";"14.0.7015.1000";"Microsoft Corporation"
10.2.71.154;"Microsoft Office Project Professional 2010";"20150813";"14.0";"14.0.7015.1000";"Microsoft Corporation"
10.2.71.154;"Microsoft Office Project MUI (Portuguese (Brazil)) 2010";"20150730";"14.0";"14.0.7015.1000";"Microsoft Corporation"
10.2.71.174;"Microsoft Project Professional 2010";"";"";"14.0.7015.1000";"Microsoft Corporation"
10.2.71.174;"Microsoft Office Project Professional 2010";"20150812";"14.0";"14.0.7015.1000";"Microsoft Corporation"
10.2.71.174;"Microsoft Office Project MUI (Portuguese (Brazil)) 2010";"20150729";"14.0";"14.0.7015.1000";"Microsoft Corporation"
10.2.71.174;"Microsoft Project Professional 2010";"";"";"14.0.7015.1000";"Microsoft Corporation"
10.2.71.174;"Microsoft Office Project Professional 2010";"20150812";"14.0";"14.0.7015.1000";"Microsoft Corporation"
10.2.71.174;"Microsoft Office Project MUI (Portuguese (Brazil)) 2010";"20150729";"14.0";"14.0.7015.1000";"Microsoft Corporation"
10.2.71.185;"Microsoft Office Project MUI (English) 2007";"20150205";"12.0";"12.0.6612.1000";"Microsoft Corporation"
10.2.71.185;"Microsoft Office Project MUI (English) 2007";"20150205";"12.0";"12.0.6612.1000";"Microsoft Corporation"
10.2.71.39;"Microsoft Project Professional 2010";"";"";"14.0.7015.1000";"Microsoft Corporation"
10.2.71.39;"Microsoft Office Project Professional 2010";"20150813";"14.0";"14.0.7015.1000";"Microsoft Corporation"
10.2.71.39;"Microsoft Office Project MUI (Portuguese (Brazil)) 2010";"20150723";"14.0";"14.0.7015.1000";"Microsoft Corporation"
10.2.71.39;"Microsoft Project Professional 2010";"";"";"14.0.7015.1000";"Microsoft Corporation"
10.2.71.39;"Microsoft Office Project Professional 2010";"20150813";"14.0";"14.0.7015.1000";"Microsoft Corporation"
10.2.71.39;"Microsoft Office Project MUI (Portuguese (Brazil)) 2010";"20150723";"14.0";"14.0.7015.1000";"Microsoft Corporation"
10.2.71.42;"Microsoft Office Project Professional 2007";"";"";"12.0.6612.1000";"Microsoft Corporation"
10.2.71.42;"Microsoft Office Project Professional 2007";"";"";"12.0.6612.1000";"Microsoft Corporation"
10.2.71.42;"Microsoft Office Project Professional 2007";"20150723";"12.0";"12.0.6612.1000";"Microsoft Corporation"
10.2.71.42;"Microsoft Office Project 2007 Service Pack 3 (SP3)";"";"";"";"Microsoft"
10.2.71.42;"Microsoft Office Project MUI (English) 2007";"20120814";"12.0";"12.0.6612.1000";"Microsoft Corporation"
10.2.71.42;"Microsoft Office Project 2007 Service Pack 3 (SP3)";"";"";"";"Microsoft"
10.2.71.42;"Microsoft Office Project MUI (Portuguese (Brazil)) 2007";"20150209";"12.0";"12.0.6612.1000";"Microsoft Corporation"
10.2.71.42;"Microsoft Office Project 2007 Service Pack 3 (SP3)";"";"";"";"Microsoft"
10.2.71.42;"Microsoft Office Project Professional 2007";"20150723";"12.0";"12.0.6612.1000";"Microsoft Corporation"
10.2.71.42;"Microsoft Office Project 2007 Service Pack 3 (SP3)";"";"";"";"Microsoft"
10.2.71.43;"Microsoft Project Professional 2010";"";"";"14.0.7015.1000";"Microsoft Corporation"
10.2.71.43;"Microsoft Office Project Professional 2007";"";"";"12.0.6612.1000";"Microsoft Corporation"
10.2.71.43;"Microsoft Office Project Professional 2007";"20150806";"12.0";"12.0.6612.1000";"Microsoft Corporation"
10.2.71.43;"Microsoft Office Project 2007 Service Pack 3 (SP3)";"";"";"";"Microsoft"
10.2.71.43;"Microsoft Office Project MUI (Portuguese (Brazil)) 2007";"20140227";"12.0";"12.0.6612.1000";"Microsoft Corporation"
10.2.71.43;"Microsoft Office Project 2007 Service Pack 3 (SP3)";"";"";"";"Microsoft"
10.2.71.43;"Microsoft Office Project Professional 2010";"20150806";"14.0";"14.0.7015.1000";"Microsoft Corporation"
10.2.71.43;"Microsoft Office Project MUI (Portuguese (Brazil)) 2010";"20150806";"14.0";"14.0.7015.1000";"Microsoft Corporation"
10.2.71.56;"Microsoft Project Professional 2010";"";"";"14.0.7015.1000";"Microsoft Corporation"
10.2.71.56;"Microsoft Office Project Professional 2007";"";"";"12.0.6612.1000";"Microsoft Corporation"
10.2.71.56;"Microsoft Office Project Professional 2007";"20150813";"12.0";"12.0.6612.1000";"Microsoft Corporation"
10.2.71.56;"Microsoft Office Project 2007 Service Pack 3 (SP3)";"";"";"";"Microsoft"
10.2.71.56;"Microsoft Office Project MUI (Portuguese (Brazil)) 2007";"20140227";"12.0";"12.0.6612.1000";"Microsoft Corporation"
10.2.71.56;"Microsoft Office Project 2007 Service Pack 3 (SP3)";"";"";"";"Microsoft"
10.2.71.56;"Microsoft Office Project Professional 2010";"20150813";"14.0";"14.0.7015.1000";"Microsoft Corporation"
10.2.71.56;"Microsoft Office Project MUI (Portuguese (Brazil)) 2010";"20150813";"14.0";"14.0.7015.1000";"Microsoft Corporation"
10.2.71.7;"Microsoft Project Professional 2013";"";"15.0";"15.0.4569.1506";"Microsoft Corporation"
10.2.71.7;"Microsoft Project MUI (Portuguese (Brazil)) 2013";"20150813";"15.0";"15.0.4569.1506";"Microsoft Corporation"
10.2.71.7;"Microsoft Project Professional 2013";"20150813";"15.0";"15.0.4569.1506";"Microsoft Corporation"
10.2.71.97;"Microsoft Project Professional 2010";"";"";"14.0.4763.1000";"Microsoft Corporation"
10.2.71.97;"Microsoft Office Project Professional 2010";"20150814";"14.0";"14.0.4763.1000";"Microsoft Corporation"
10.2.71.97;"Microsoft Office Project MUI (Portuguese (Brazil)) 2010";"20150807";"14.0";"14.0.4763.1000";"Microsoft Corporation"
10.2.74.10;"Microsoft Project Professional 2010";"";"";"14.0.7015.1000";"Microsoft Corporation"
10.2.74.10;"Microsoft Office Project Professional 2010";"20150812";"14.0";"14.0.7015.1000";"Microsoft Corporation"
10.2.74.10;"Microsoft Office Project MUI (Portuguese (Brazil)) 2010";"20150812";"14.0";"14.0.7015.1000";"Microsoft Corporation"
10.2.74.31;"Microsoft Project Professional 2010";"";"";"14.0.7015.1000";"Microsoft Corporation"
10.2.74.31;"Microsoft Office Project Professional 2010";"20150721";"14.0";"14.0.7015.1000";"Microsoft Corporation"
10.2.74.31;"Microsoft Office Project MUI (Portuguese (Brazil)) 2010";"20150721";"14.0";"14.0.7015.1000";"Microsoft Corporation"
10.2.74.31;"Microsoft Project Professional 2010";"";"";"14.0.7015.1000";"Microsoft Corporation"
10.2.74.31;"Microsoft Office Project Professional 2010";"20150721";"14.0";"14.0.7015.1000";"Microsoft Corporation"
10.2.74.31;"Microsoft Office Project MUI (Portuguese (Brazil)) 2010";"20150721";"14.0";"14.0.7015.1000";"Microsoft Corporation"
10.2.75.104;"Microsoft Office Project Professional 2003";"20141003";"11.0";"11.0.8173.0";"Microsoft Corporation"
10.2.75.137;"Microsoft Office Project Professional 2003";"20141003";"11.0";"11.0.8173.0";"Microsoft Corporation"
10.2.76.159;"Microsoft Project Professional 2010";"";"";"14.0.4763.1000";"Microsoft Corporation"
10.2.76.159;"Microsoft Office Project Professional 2010";"20150723";"14.0";"14.0.4763.1000";"Microsoft Corporation"
10.2.76.159;"Microsoft Office Project MUI (Portuguese (Brazil)) 2010";"20150721";"14.0";"14.0.4763.1000";"Microsoft Corporation"
10.2.77.31;"Microsoft Project Professional 2010";"";"";"14.0.4763.1000";"Microsoft Corporation"
10.2.77.31;"Microsoft Office Project Professional 2010";"20150812";"14.0";"14.0.4763.1000";"Microsoft Corporation"
10.2.77.31;"Microsoft Office Project MUI (Portuguese (Brazil)) 2010";"20150716";"14.0";"14.0.4763.1000";"Microsoft Corporation"
10.2.9.145;"Microsoft Project Standard 2010";"";"";"14.0.6029.1000";"Microsoft Corporation"
10.2.9.145;"Microsoft Office Project Standard 2010";"20150525";"14.0";"14.0.6029.1000";"Microsoft Corporation"
10.2.9.145;"Microsoft Project 2010 Service Pack 1 (SP1)";"";"";"";"Microsoft"
10.2.9.145;"Microsoft Office Project MUI (Portuguese (Brazil)) 2010";"20150525";"14.0";"14.0.6029.1000";"Microsoft Corporation"
10.2.9.145;"Microsoft Project 2010 Service Pack 1 (SP1)";"";"";"";"Microsoft"
10.2.9.233;"Microsoft Project Standard 2010";"";"";"14.0.6029.1000";"Microsoft Corporation"
10.2.9.233;"Microsoft Office Project Standard 2010";"20150708";"14.0";"14.0.6029.1000";"Microsoft Corporation"
10.2.9.233;"Microsoft Project 2010 Service Pack 1 (SP1)";"";"";"";"Microsoft"
10.2.9.233;"Microsoft Office Project MUI (Portuguese (Brazil)) 2010";"20150708";"14.0";"14.0.6029.1000";"Microsoft Corporation"
10.2.9.233;"Microsoft Project 2010 Service Pack 1 (SP1)";"";"";"";"Microsoft"
10.2.9.40;"Microsoft Project Standard 2010";"";"";"14.0.6029.1000";"Microsoft Corporation"
10.2.9.40;"Microsoft Office Project Standard 2010";"20150525";"14.0";"14.0.6029.1000";"Microsoft Corporation"
10.2.9.40;"Microsoft Project 2010 Service Pack 1 (SP1)";"";"";"";"Microsoft"
10.2.9.40;"Microsoft Office Project MUI (Portuguese (Brazil)) 2010";"20150525";"14.0";"14.0.6029.1000";"Microsoft Corporation"
10.2.9.40;"Microsoft Project 2010 Service Pack 1 (SP1)";"";"";"";"Microsoft"
10.2.9.68;"Microsoft Project Standard 2010";"";"";"14.0.6029.1000";"Microsoft Corporation"
10.2.9.68;"Microsoft Office Project Standard 2010";"20150807";"14.0";"14.0.6029.1000";"Microsoft Corporation"
10.2.9.68;"Microsoft Project 2010 Service Pack 1 (SP1)";"";"";"";"Microsoft"
10.2.9.68;"Microsoft Office Project MUI (Portuguese (Brazil)) 2010";"20150807";"14.0";"14.0.6029.1000";"Microsoft Corporation"
10.2.9.68;"Microsoft Project 2010 Service Pack 1 (SP1)";"";"";"";"Microsoft"
10.22.28.115;"Microsoft Project Professional 2010";"";"";"14.0.4763.1000";"Microsoft Corporation"
10.22.28.115;"Microsoft Office Project Professional 2010";"20130604";"14.0";"14.0.4763.1000";"Microsoft Corporation"
10.22.28.115;"Microsoft Office Project MUI (Portuguese (Brazil)) 2010";"20130604";"14.0";"14.0.4763.1000";"Microsoft Corporation"
10.22.28.3;"Microsoft Project Professional 2010";"";"";"14.0.4763.1000";"Microsoft Corporation"
10.22.28.3;"Microsoft Office Project MUI (Portuguese (Brazil)) 2010";"20130304";"14.0";"14.0.4763.1000";"Microsoft Corporation"
10.22.28.3;"Microsoft Office Project Professional 2010";"20130304";"14.0";"14.0.4763.1000";"Microsoft Corporation"
10.22.28.50;"Microsoft Project Professional 2010";"";"";"14.0.4763.1000";"Microsoft Corporation"
10.22.28.50;"Microsoft Office Project MUI (Portuguese (Brazil)) 2010";"20130304";"14.0";"14.0.4763.1000";"Microsoft Corporation"
10.22.28.50;"Microsoft Office Project Professional 2010";"20130304";"14.0";"14.0.4763.1000";"Microsoft Corporation"
10.22.29.2;"Microsoft Project Professional 2010";"";"";"14.0.7015.1000";"Microsoft Corporation"
10.22.29.2;"Microsoft Office Project Professional 2010";"20140909";"14.0";"14.0.7015.1000";"Microsoft Corporation"
10.22.29.2;"Microsoft Office Project MUI (Portuguese (Brazil)) 2010";"20140904";"14.0";"14.0.7015.1000";"Microsoft Corporation"
